full_name,rating,jersey,team,position,b_day,height,weight,salary,country,draft_year,draft_round,draft_peak,college,version,TWITTER_FAVORITE_COUNT,TWITTER_RETWEET_COUNT,TWITTER_FOLLOWER_COUNT_MILLIONS
Aaron Gordon,81,#0,Orlando Magic,F,9/16/1995,6-8 / 2.03,220 lbs. / 99.8 kg.,19863636,USA,2014,1,4,Arizona,NBA2k20,42.5,16,N/A
Aaron Holiday,73,#3,Indiana Pacers,G,9/30/1996,6-0 / 1.83,185 lbs. / 83.9 kg.,2239200,USA,2018,1,23,UCLA,NBA2k20,N/A,N/A,N/A
Abdel Nader,70,#11,Oklahoma City Thunder,F,9/25/1993,6-5 / 1.96,225 lbs. / 102.1 kg.,1618520,Egypt,2016,2,58,Iowa State,NBA2k20,N/A,N/A,N/A
Admiral Schofield,71,#1,Washington Wizards,F,3/30/1997,6-5 / 1.96,241 lbs. / 109.3 kg.,1000000,USA,2019,2,42,Tennessee,NBA2k20,N/A,N/A,N/A
Al Horford,85,#42,Philadelphia 76ers,C-F,6/3/1986,6-9 / 2.06,246 lbs. / 111.6 kg.,28000000,Dominican Republic,2007,1,3,Florida,NBA2k20,136,71,0.253
Alec Burks,73,#0,Philadelphia 76ers,G,7/20/1991,6-6 / 1.98,195 lbs. / 88.5 kg.,2320044,USA,2011,1,12,Colorado,NBA2k20,10,15,N/A
Alen Smailagic,71,#6,Golden State Warriors,F,8/18/2000,6-10 / 2.08,215 lbs. / 97.5 kg.,898310,Serbia,2019,2,39,N/A,NBA2k20,N/A,N/A,N/A
Alex Caruso,73,#4,Los Angeles Lakers,G,2/28/1994,6-5 / 1.96,186 lbs. / 84.4 kg.,2750000,USA,2016,Undrafted,Undrafted,Texas A&M,NBA2k20,N/A,N/A,N/A
Alex Len,77,#0,Sacramento Kings,C,6/16/1993,7-0 / 2.13,225 lbs. / 102.1 kg.,4160000,Ukraine,2013,1,5,Maryland,NBA2k20,10.5,6,N/A
Al-Farouq Aminu,77,#2,Orlando Magic,F,9/21/1990,6-8 / 2.03,215 lbs. / 97.5 kg.,9258000,Nigeria,2010,1,8,Wake Forest,NBA2k20,33,9,N/A
Alfonzo McKinnie,72,#0,Cleveland Cavaliers,F,9/17/1992,6-8 / 2.03,215 lbs. / 97.5 kg.,2391985,USA,2015,Undrafted,Undrafted,Green Bay,NBA2k20,N/A,N/A,N/A
Alize Johnson,70,#24,Indiana Pacers,F,4/26/1996,6-7 / 2.01,201 lbs. / 91.2 kg.,1416852,USA,2018,2,50,Missouri State,NBA2k20,N/A,N/A,N/A
Allen Crabbe,73,#0,Free agent,G-F,4/9/1992,6-5 / 1.96,197 lbs. / 89.4 kg.,17818456,USA,2013,2,31,California,NBA2k20,11.5,9,N/A
Allonzo Trier,75,#0,Free agent,G-F,1/17/1996,6-4 / 1.93,200 lbs. / 90.7 kg.,3551100,USA,2018,Undrafted,Undrafted,Arizona,NBA2k20,N/A,N/A,N/A
Amile Jefferson,69,#0,Free agent,F-C,5/7/1993,6-9 / 2.06,224 lbs. / 101.6 kg.,1529007,USA,2017,Undrafted,Undrafted,Duke,NBA2k20,N/A,N/A,N/A
Andre Drummond,86,#0,Cleveland Cavaliers,C,8/10/1993,6-10 / 2.08,270 lbs. / 122.5 kg.,27093018,USA,2012,1,9,UConn,NBA2k20,0,25,1.22
Andre Iguodala,78,#9,Miami Heat,G-F,1/28/1984,6-6 / 1.98,207 lbs. / 93.9 kg.,17185185,USA,2004,1,9,Arizona,NBA2k20,300.5,43,N/A
Andre Roberson,76,#21,Oklahoma City Thunder,G-F,12/4/1991,6-7 / 2.01,206 lbs. / 93.4 kg.,10740740,USA,2013,1,26,Colorado,NBA2k20,10,8,N/A
Andrew Wiggins,79,#22,Golden State Warriors,F,2/23/1995,6-7 / 2.01,197 lbs. / 89.4 kg.,27504630,Canada,2014,1,1,Kansas,NBA2k20,182,54.5,N/A
Anfernee Simons,72,#1,Portland Trail Blazers,G,6/8/1999,6-3 / 1.91,181 lbs. / 82.1 kg.,2149560,USA,2018,1,24,N/A,NBA2k20,N/A,N/A,N/A
Ante Zizic,73,#41,Cleveland Cavaliers,C,1/4/1997,6-10 / 2.08,250 lbs. / 113.4 kg.,2281800,Croatia,2016,1,23,N/A,NBA2k20,N/A,N/A,N/A
Anthony Davis,94,#3,Los Angeles Lakers,F-C,3/11/1993,6-10 / 2.08,222 lbs. / 100.7 kg.,27093019,USA,2012,1,1,Kentucky,NBA2k20,368,104,1.22
Anthony Davis,95,#3,Los Angeles Lakers,F-C,3/11/1993,6-10 / 2.08,222 lbs. / 100.7 kg.,32742000,USA,2012,1,1,Kentucky,NBA2k21,368,104,1.22
Anthony Tolliver,72,#0,Memphis Grizzlies,F,6/1/1985,6-8 / 2.03,240 lbs. / 108.9 kg.,2854556,USA,2007,Undrafted,Undrafted,Creighton,NBA2k20,11,2,N/A
Antonio Blakeney,72,#0,Free agent,G-F,10/4/1996,6-4 / 1.93,197 lbs. / 89.4 kg.,1488231,USA,2017,Undrafted,Undrafted,LSU,NBA2k20,N/A,N/A,N/A
Aron Baynes,75,#46,Phoenix Suns,C,12/9/1986,6-10 / 2.08,260 lbs. / 117.9 kg.,5453280,Australia,2009,Undrafted,Undrafted,Washington State,NBA2k20,N/A,N/A,N/A
Austin Rivers,76,#25,Houston Rockets,G,8/1/1992,6-3 / 1.91,200 lbs. / 90.7 kg.,2174310,USA,2012,1,10,Duke,NBA2k20,75.5,23,N/A
Avery Bradley,76,#11,Los Angeles Lakers,G,11/26/1990,6-3 / 1.91,195 lbs. / 88.5 kg.,6767000,USA,2010,1,19,Texas,NBA2k20,N/A,N/A,N/A
Bam Adebayo,79,#13,Miami Heat,F-C,7/18/1997,6-9 / 2.06,243 lbs. / 110.2 kg.,3454080,USA,2017,1,14,Kentucky,NBA2k20,N/A,N/A,N/A
Ben McLemore,71,#16,Houston Rockets,G,2/11/1993,6-3 / 1.91,189 lbs. / 85.7 kg.,2028594,USA,2013,1,7,Kansas,NBA2k20,30,17,N/A
Ben Simmons,87,#25,Philadelphia 76ers,F,7/20/1996,6-10 / 2.08,240 lbs. / 108.9 kg.,8113929,Australia,2016,1,1,LSU,NBA2k20,N/A,N/A,N/A
Bismack Biyombo,75,#8,Charlotte Hornets,C,8/28/1992,6-8 / 2.03,229 lbs. / 103.9 kg.,17000000,Democratic Republic of the Congo,2011,1,7,N/A,NBA2k20,N/A,N/A,N/A
Blake Griffin,88,#23,Detroit Pistons,F,3/16/1989,6-9 / 2.06,252 lbs. / 114.3 kg.,34449964,USA,2009,1,1,Oklahoma,NBA2k20,269,98.5,4.19
Boban Marjanovic,75,#51,Dallas Mavericks,C,8/15/1988,7-4 / 2.24,290 lbs. / 131.5 kg.,3500000,Serbia,2010,Undrafted,Undrafted,N/A,NBA2k20,N/A,N/A,0
Bobby Portis,78,#1,New York Knicks,F-C,2/10/1995,6-10 / 2.08,246 lbs. / 111.6 kg.,15000000,USA,2015,1,22,Arkansas,NBA2k20,37,73,N/A
Bogdan Bogdanovic,78,#8,Sacramento Kings,G,8/18/1992,6-6 / 1.98,205 lbs. / 93 kg.,8529386,Serbia,2014,1,27,N/A,NBA2k20,N/A,N/A,N/A
Bojan Bogdanovic,83,#44,Utah Jazz,G-F,4/18/1989,6-8 / 2.03,216 lbs. / 98 kg.,17000000,Croatia,2011,2,31,N/A,NBA2k20,N/A,N/A,N/A
Brad Wanamaker,73,#9,Boston Celtics,G,7/25/1989,6-3 / 1.91,210 lbs. / 95.3 kg.,1445697,USA,2011,Undrafted,Undrafted,Pittsburgh,NBA2k20,N/A,N/A,N/A
Bradley Beal,87,#3,Washington Wizards,G,6/28/1993,6-3 / 1.91,207 lbs. / 93.9 kg.,27093018,USA,2012,1,3,Florida,NBA2k20,55.5,40.5,0.276
Bradley Beal,88,#3,Washington Wizards,G,6/28/1993,6-3 / 1.91,207 lbs. / 93.9 kg.,28751774,USA,2012,1,3,Florida,NBA2k21,55.5,40.5,0.276
Brandon Clarke,73,#15,Memphis Grizzlies,F,9/19/1996,6-8 / 2.03,215 lbs. / 97.5 kg.,2478840,Canada,2019,1,21,Gonzaga,NBA2k20,N/A,N/A,N/A
Brandon Goodwin,68,#0,Atlanta Hawks,G,10/2/1995,6-0 / 1.83,180 lbs. / 81.6 kg.,522738,USA,2018,Undrafted,Undrafted,Florida Gulf Coast,NBA2k20,N/A,N/A,N/A
Brandon Ingram,81,#14,New Orleans Pelicans,F,9/2/1997,6-7 / 2.01,196 lbs. / 88.9 kg.,7265485,USA,2016,1,2,Duke,NBA2k20,194,100,N/A
Brandon Knight,72,#0,Detroit Pistons,G,12/2/1991,6-2 / 1.88,189 lbs. / 85.7 kg.,15643750,USA,2011,1,8,Kentucky,NBA2k20,N/A,N/A,N/A
Brook Lopez,79,#11,Milwaukee Bucks,C,4/1/1988,7-0 / 2.13,265 lbs. / 120.2 kg.,12093024,USA,2008,1,10,Stanford,NBA2k20,N/A,N/A,0
Bruce Brown,73,#6,Detroit Pistons,G,8/15/1996,6-4 / 1.93,190 lbs. / 86.2 kg.,1416852,USA,2018,2,42,Miami (Florida),NBA2k20,N/A,N/A,N/A
Bruno Fernando,71,#24,Atlanta Hawks,F,8/15/1998,6-9 / 2.06,245 lbs. / 111.1 kg.,1400000,Angola,2019,2,34,Maryland,NBA2k20,N/A,N/A,N/A
Bryn Forbes,75,#11,San Antonio Spurs,G,7/23/1993,6-2 / 1.88,187 lbs. / 84.8 kg.,2875000,USA,2016,Undrafted,Undrafted,Michigan State,NBA2k20,N/A,N/A,N/A
Buddy Hield,84,#24,Sacramento Kings,G,12/17/1993,6-4 / 1.93,212 lbs. / 96.2 kg.,4861207,The Bahamas,2016,1,6,Oklahoma,NBA2k20,512,333,N/A
Caleb Swanigan,70,#50,Portland Trail Blazers,C,4/18/1997,6-9 / 2.06,249 lbs. / 112.9 kg.,2033160,USA,2017,1,26,Purdue,NBA2k20,N/A,N/A,N/A
Cam Reynolds,69,#13,Milwaukee Bucks,G,2/7/1995,6-7 / 2.01,225 lbs. / 102.1 kg.,79568,USA,2018,Undrafted,Undrafted,Tulane,NBA2k20,N/A,N/A,N/A
Cameron Johnson,72,#23,Phoenix Suns,F,3/3/1996,6-8 / 2.03,210 lbs. / 95.3 kg.,4033440,USA,2019,1,11,North Carolina,NBA2k20,N/A,N/A,N/A
Cameron Payne,72,#0,Phoenix Suns,G,8/8/1994,6-2 / 1.88,180 lbs. / 81.6 kg.,346288,USA,2015,1,14,Murray State,NBA2k20,38.5,21,N/A
Caris LeVert,78,#22,Brooklyn Nets,G,8/25/1994,6-6 / 1.98,191 lbs. / 86.6 kg.,2625717,USA,2016,1,20,Michigan,NBA2k20,0,28,N/A
Carsen Edwards,71,#4,Boston Celtics,G,3/12/1998,5-11 / 1.80,200 lbs. / 90.7 kg.,1228026,USA,2019,2,33,Purdue,NBA2k20,N/A,N/A,N/A
Cedi Osman,75,#16,Cleveland Cavaliers,F-G,4/8/1995,6-7 / 2.01,215 lbs. / 97.5 kg.,2907143,Turkey,2015,2,31,N/A,NBA2k20,N/A,N/A,N/A
Chandler Hutchison,72,#15,Chicago Bulls,F,4/26/1996,6-7 / 2.01,196 lbs. / 88.9 kg.,2332320,USA,2018,1,22,Boise State,NBA2k20,N/A,N/A,N/A
Chandler Parsons,74,#0,Free agent,F,10/25/1988,6-9 / 2.06,200 lbs. / 90.7 kg.,25102512,USA,2011,2,38,Florida,NBA2k20,59,16,N/A
Cheick Diallo,74,#14,Phoenix Suns,F-C,9/13/1996,6-8 / 2.03,219 lbs. / 99.3 kg.,1678854,Mali,2016,2,33,Kansas,NBA2k20,N/A,N/A,0.015
Chimezie Metu,71,#7,San Antonio Spurs,F,3/22/1997,6-9 / 2.06,225 lbs. / 102.1 kg.,1416852,Nigeria,2018,2,49,USC,NBA2k20,N/A,N/A,N/A
Chris Boucher,71,#25,Toronto Raptors,F-C,1/11/1993,6-9 / 2.06,200 lbs. / 90.7 kg.,1588231,Canada,2017,Undrafted,Undrafted,Oregon,NBA2k20,N/A,N/A,N/A
Chris Paul,85,#3,Oklahoma City Thunder,G,5/6/1985,6-1 / 1.85,175 lbs. / 79.4 kg.,38506482,USA,2005,1,4,Wake Forest,NBA2k20,829,178.5,6.4
Chris Paul,88,#3,Oklahoma City Thunder,G,5/6/1985,6-1 / 1.85,175 lbs. / 79.4 kg.,41358814,USA,2005,1,4,Wake Forest,NBA2k21,829,178.5,6.4
Christian Wood,74,#35,Detroit Pistons,F,9/27/1995,6-10 / 2.08,216 lbs. / 98 kg.,1645357,USA,2015,Undrafted,Undrafted,UNLV,NBA2k20,N/A,N/A,N/A
Chuma Okeke,72,#3,Free agent,F-C,8/18/1998,6-8 / 2.03,230 lbs. / 104 kg.,2773550,USA,2019,1,16,Auburn,NBA2k20,N/A,N/A,N/A
CJ McCollum,87,#3,Portland Trail Blazers,G,9/19/1991,6-3 / 1.91,197 lbs. / 89.4 kg.,27556959,USA,2013,1,10,Lehigh,NBA2k20,N/A,N/A,0.161
CJ Miles,73,#0,Free agent,G-F,3/18/1987,6-6 / 1.98,232 lbs. / 105.2 kg.,8730158,USA,2005,2,34,N/A,NBA2k20,N/A,N/A,N/A
Clint Capela,85,#15,Atlanta Hawks,C,5/18/1994,6-10 / 2.08,211 lbs. / 95.7 kg.,16896552,Switzerland,2014,1,25,N/A,NBA2k20,120,45.5,0.025
Coby White,76,#0,Chicago Bulls,G,2/16/2000,6-4 / 1.93,185 lbs. / 83.9 kg.,5307120,USA,2019,1,7,North Carolina,NBA2k20,N/A,N/A,N/A
Cody Zeller,77,#40,Charlotte Hornets,C-F,10/5/1992,7-0 / 2.13,230 lbs. / 104.3 kg.,14471910,USA,2013,1,4,Indiana,NBA2k20,90,29,N/A
Collin Sexton,77,#2,Cleveland Cavaliers,G,1/4/1999,6-1 / 1.85,190 lbs. / 86.2 kg.,4764960,USA,2018,1,8,Alabama,NBA2k20,N/A,N/A,N/A
Cory Joseph,74,#9,Sacramento Kings,G,8/20/1991,6-3 / 1.91,185 lbs. / 83.9 kg.,12000000,Canada,2011,1,29,Texas,NBA2k20,48.5,15,N/A
Courtney Lee,72,#1,Dallas Mavericks,G-F,10/3/1985,6-5 / 1.96,200 lbs. / 90.7 kg.,12759670,USA,2008,1,22,Western Kentucky,NBA2k20,2,1,N/A
Cristiano Felicio,72,#6,Chicago Bulls,F,7/7/1992,6-10 / 2.08,270 lbs. / 122.5 kg.,8156500,Brazil,2014,Undrafted,Undrafted,N/A,NBA2k20,N/A,N/A,N/A
Damian Lillard,92,#0,Portland Trail Blazers,G,7/15/1990,6-2 / 1.88,195 lbs. / 88.5 kg.,29802321,USA,2012,1,6,Weber State,NBA2k20,186.5,43,1.34
Damian Lillard,94,#0,Portland Trail Blazers,G,7/15/1990,6-2 / 1.88,195 lbs. / 88.5 kg.,31626953,USA,2012,1,6,Weber State,NBA2k21,186.5,43,1.34
Damian Lillard,94,#0,Portland Trail Blazers,G,7/15/1990,6-2 / 1.88,195 lbs. / 88.5 kg.,39344900,USA,2012,1,6,Weber State,NBA2k22,186.5,43,1.34
Damyean Dotson,75,#21,New York Knicks,G,5/6/1994,6-5 / 1.96,202 lbs. / 91.6 kg.,1618520,USA,2017,2,44,Houston,NBA2k20,N/A,N/A,N/A
D'Angelo Russell,87,#0,Minnesota Timberwolves,G,2/23/1996,6-4 / 1.93,193 lbs. / 87.5 kg.,27285000,USA,2015,1,2,Ohio State,NBA2k20,0,232,N/A
Daniel Gafford,71,#12,Chicago Bulls,F,10/1/1998,6-10 / 2.08,234 lbs. / 106.1 kg.,898310,USA,2019,2,38,Arkansas,NBA2k20,N/A,N/A,N/A
Daniel Theis,76,#27,Boston Celtics,C,4/4/1992,6-8 / 2.03,215 lbs. / 97.5 kg.,5000000,Germany,2013,Undrafted,Undrafted,N/A,NBA2k20,N/A,N/A,N/A
Danilo Gallinari,83,#8,Oklahoma City Thunder,F,8/8/1988,6-10 / 2.08,225 lbs. / 102.1 kg.,22615559,Italy,2008,1,6,N/A,NBA2k20,29,6,0.711
Danny Green,77,#14,Los Angeles Lakers,G,6/22/1987,6-6 / 1.98,209 lbs. / 94.8 kg.,14634147,USA,2009,2,46,North Carolina,NBA2k20,0,15,N/A
Danuel House,73,#4,Houston Rockets,F,6/7/1993,6-6 / 1.98,220 lbs. / 99.8 kg.,3540000,USA,2016,Undrafted,Undrafted,Texas A&M,NBA2k20,N/A,N/A,N/A
Dario Saric,77,#20,Phoenix Suns,F,4/8/1994,6-10 / 2.08,216 lbs. / 98 kg.,3481985,Croatia,2014,1,12,N/A,NBA2k20,N/A,N/A,N/A
Darius Bazley,70,#7,Oklahoma City Thunder,F,6/12/2000,6-8 / 2.03,200 lbs. / 90.7 kg.,2284800,USA,2019,1,23,N/A,NBA2k20,N/A,N/A,N/A
Darius Garland,77,#10,Cleveland Cavaliers,G,6/26/2000,6-1 / 1.85,175 lbs. / 79.4 kg.,6400920,USA,2019,1,5,Vanderbilt,NBA2k20,N/A,N/A,N/A
Darius Miller,72,#21,New Orleans Pelicans,F,3/21/1990,6-6 / 1.98,225 lbs. / 102.1 kg.,7250000,USA,2012,2,46,Kentucky,NBA2k20,N/A,N/A,N/A
David Nwaba,73,#0,Houston Rockets,G,1/14/1993,6-5 / 1.96,210 lbs. / 95.3 kg.,2581965,USA,2016,Undrafted,Undrafted,Cal Poly,NBA2k20,0,3,N/A
Davis Bertans,76,#42,Washington Wizards,F,11/12/1992,6-10 / 2.08,211 lbs. / 95.7 kg.,7000000,Latvia,2011,2,42,N/A,NBA2k20,N/A,N/A,N/A
De'Aaron Fox,86,#5,Sacramento Kings,G,12/20/1997,6-3 / 1.91,171 lbs. / 77.6 kg.,6392760,USA,2017,1,5,Kentucky,NBA2k20,N/A,N/A,N/A
Deandre Ayton,82,#22,Phoenix Suns,C,7/23/1998,6-11 / 2.11,250 lbs. / 113.4 kg.,9562920,The Bahamas,2018,1,1,Arizona,NBA2k20,N/A,N/A,N/A
DeAndre Bembry,73,#95,Atlanta Hawks,F,7/4/1994,6-5 / 1.96,207 lbs. / 93.9 kg.,2603981,USA,2016,1,21,Saint Joseph's,NBA2k20,N/A,N/A,N/A
De'Andre Hunter,77,#12,Atlanta Hawks,F,12/1/1997,6-7 / 2.01,225 lbs. / 102.1 kg.,7068360,USA,2019,1,4,Virginia,NBA2k20,N/A,N/A,N/A
DeAndre Jordan,81,#6,Brooklyn Nets,C,7/21/1988,6-11 / 2.11,265 lbs. / 120.2 kg.,9881598,USA,2008,2,35,Texas A&M,NBA2k20,189.5,27,0.984
De'Anthony Melton,72,#0,Memphis Grizzlies,G,5/28/1998,6-2 / 1.88,190 lbs. / 86.2 kg.,1416852,USA,2018,2,46,USC,NBA2k20,N/A,N/A,N/A
Dejounte Murray,78,#5,San Antonio Spurs,G,9/19/1996,6-4 / 1.93,170 lbs. / 77.1 kg.,2321735,USA,2016,1,29,Washington,NBA2k20,N/A,N/A,N/A
Delon Wright,76,#55,Dallas Mavericks,G,4/26/1992,6-5 / 1.96,181 lbs. / 82.1 kg.,9473684,USA,2015,1,20,Utah,NBA2k20,11.5,14,N/A
DeMar DeRozan,87,#10,San Antonio Spurs,G-F,8/7/1989,6-6 / 1.98,220 lbs. / 99.8 kg.,27739975,USA,2009,1,9,USC,NBA2k20,0,186,0.58
DeMarcus Cousins,86,#0,Free agent,C,8/13/1990,6-10 / 2.08,270 lbs. / 122.5 kg.,3500000,USA,2010,1,5,Kentucky,NBA2k20,102,91.5,0.826
DeMarre Carroll,77,#0,Houston Rockets,F,7/27/1986,6-6 / 1.98,212 lbs. / 96.2 kg.,7339258,USA,2009,1,27,Missouri,NBA2k20,29.5,8,N/A
Dennis Schroeder,78,#17,Oklahoma City Thunder,G,9/15/1993,6-1 / 1.85,172 lbs. / 78 kg.,15500000,Germany,2013,1,17,N/A,NBA2k20,N/A,N/A,N/A
Dennis Smith,77,#5,New York Knicks,G,11/25/1997,6-2 / 1.88,195 lbs. / 88.5 kg.,4463640,USA,2017,1,9,NC State,NBA2k20,N/A,N/A,N/A
Denzel Valentine,74,#45,Chicago Bulls,G,11/16/1993,6-4 / 1.93,210 lbs. / 95.3 kg.,3377568,USA,2016,1,14,Michigan State,NBA2k20,23,24,N/A
Deonte Burton,70,#30,Oklahoma City Thunder,G,6/26/1991,6-4 / 1.93,240 lbs. / 108.9 kg.,1416852,USA,2014,Undrafted,Undrafted,Iowa State,NBA2k20,N/A,N/A,N/A
Derrick Favors,80,#22,New Orleans Pelicans,F,7/15/1991,6-9 / 2.06,246 lbs. / 111.6 kg.,17650000,USA,2010,1,3,Georgia Tech,NBA2k20,25,6.5,N/A
Derrick Jones,74,#5,Miami Heat,F,2/15/1997,6-6 / 1.98,195 lbs. / 88.5 kg.,1645357,USA,2016,Undrafted,Undrafted,UNLV,NBA2k20,0,74,N/A
Derrick Rose,80,#25,Detroit Pistons,G,10/4/1988,6-2 / 1.88,190 lbs. / 86.2 kg.,7317074,USA,2008,1,1,Memphis,NBA2k20,1864,2504.5,N/A
Derrick White,78,#4,San Antonio Spurs,G,7/2/1994,6-4 / 1.93,200 lbs. / 90.7 kg.,1948080,USA,2017,1,29,Colorado,NBA2k20,N/A,N/A,N/A
Devin Booker,86,#1,Phoenix Suns,G,10/30/1996,6-5 / 1.96,206 lbs. / 93.4 kg.,27285000,USA,2015,1,13,Kentucky,NBA2k20,1170.5,335.5,N/A
Devonte Graham,69,#0,Charlotte Hornets,G,2/22/1995,6-1 / 1.85,185 lbs. / 83.9 kg.,1416852,USA,2018,2,34,Kansas,NBA2k20,N/A,N/A,N/A
Dewayne Dedmon,76,#0,Atlanta Hawks,C,8/12/1989,7-0 / 2.13,239 lbs. / 108.4 kg.,13333334,USA,2013,Undrafted,Undrafted,USC,NBA2k20,N/A,N/A,0.015
Deyonta Davis,71,#0,Free agent,F-C,12/2/1996,6-10 / 2.08,240 lbs. / 108.9 kg.,250000,USA,2016,2,31,Michigan State,NBA2k20,N/A,N/A,N/A
Dillon Brooks,74,#24,Memphis Grizzlies,G-F,1/22/1996,6-7 / 2.01,225 lbs. / 102.1 kg.,1618520,Canada,2017,2,45,Oregon,NBA2k20,N/A,N/A,N/A
Dion Waiters,76,#11,Los Angeles Lakers,G,12/10/1991,6-3 / 1.91,210 lbs. / 95.3 kg.,12475385,USA,2012,1,4,Syracuse,NBA2k20,0,7,N/A
DJ Augustin,76,#14,Orlando Magic,G,11/10/1987,5-11 / 1.80,180 lbs. / 81.6 kg.,7250000,USA,2008,1,9,Texas,NBA2k20,N/A,N/A,N/A
DJ Wilson,72,#5,Milwaukee Bucks,F,2/19/1996,6-10 / 2.08,234 lbs. / 106.1 kg.,2961120,USA,2017,1,17,Michigan,NBA2k20,N/A,N/A,N/A
Domantas Sabonis,81,#11,Indiana Pacers,F-C,5/3/1996,6-11 / 2.11,231 lbs. / 104.8 kg.,3529554,Lithuania,2016,1,11,Gonzaga,NBA2k20,0,82,N/A
Donovan Mitchell,88,#45,Utah Jazz,G,9/7/1996,6-1 / 1.85,211 lbs. / 95.7 kg.,3635760,USA,2017,1,13,Louisville,NBA2k20,N/A,N/A,N/A
Donovan Mitchell,88,#45,Utah Jazz,G,9/7/1996,6-1 / 1.85,211 lbs. / 95.7 kg.,5195501,USA,2017,1,13,Louisville,NBA2k21,N/A,N/A,N/A
Donte DiVincenzo,72,#0,Milwaukee Bucks,G,1/31/1997,6-4 / 1.93,205 lbs. / 93 kg.,2905800,USA,2018,1,17,Villanova,NBA2k20,N/A,N/A,N/A
Dorian Finney-Smith,73,#10,Dallas Mavericks,F,5/4/1993,6-7 / 2.01,213 lbs. / 96.6 kg.,4000000,USA,2016,Undrafted,Undrafted,Florida,NBA2k20,N/A,N/A,N/A
Doug McDermott,74,#20,Indiana Pacers,F,1/3/1992,6-7 / 2.01,218 lbs. / 98.9 kg.,7333333,USA,2014,1,11,Creighton,NBA2k20,N/A,N/A,N/A
Draymond Green,86,#23,Golden State Warriors,F,3/4/1990,6-6 / 1.98,230 lbs. / 104.3 kg.,18539130,USA,2012,2,35,Michigan State,NBA2k20,627,168.5,0.911
Duncan Robinson,67,#55,Miami Heat,F,4/22/1994,6-7 / 2.01,215 lbs. / 97.5 kg.,1416852,USA,2018,Undrafted,Undrafted,Michigan,NBA2k20,N/A,N/A,N/A
Dwayne Bacon,73,#7,Charlotte Hornets,G,8/30/1995,6-6 / 1.98,220 lbs. / 99.8 kg.,1618520,USA,2017,2,40,Florida State,NBA2k20,N/A,N/A,N/A
Dwight Powell,77,#7,Dallas Mavericks,F-C,7/20/1991,6-10 / 2.08,234 lbs. / 106.1 kg.,10259375,Canada,2014,2,45,Stanford,NBA2k20,0,10,N/A
Dzanan Musa,71,#13,Brooklyn Nets,F,5/8/1999,6-9 / 2.06,195 lbs. / 88.5 kg.,1911600,Bosnia and Herzegovina,2018,1,29,N/A,NBA2k20,N/A,N/A,N/A
Ed Davis,77,#17,Utah Jazz,F,6/5/1989,6-9 / 2.06,215 lbs. / 97.5 kg.,4767000,USA,2010,1,13,North Carolina,NBA2k20,N/A,N/A,N/A
Edmond Sumner,71,#5,Indiana Pacers,G,12/13/1995,6-4 / 1.93,186 lbs. / 84.4 kg.,2000000,USA,2017,2,52,Xavier,NBA2k20,N/A,N/A,N/A
Elfrid Payton,76,#6,New York Knicks,G,2/22/1994,6-3 / 1.91,185 lbs. / 83.9 kg.,8000000,USA,2014,1,10,Louisiana,NBA2k20,19,8,0.05
Elie Okobo,71,#2,Phoenix Suns,G,10/23/1997,6-3 / 1.91,190 lbs. / 86.2 kg.,1416852,France,2018,2,31,N/A,NBA2k20,N/A,N/A,N/A
Emmanuel Mudiay,76,#8,Utah Jazz,G,3/5/1996,6-3 / 1.91,190 lbs. / 86.2 kg.,1737145,Democratic Republic of the Congo,2015,1,7,N/A,NBA2k20,69,21,N/A
Enes Kanter,80,#11,Boston Celtics,C,5/20/1992,6-10 / 2.08,262 lbs. / 118.8 kg.,4767000,Turkey,2011,1,3,N/A,NBA2k20,147,195,0.489
Eric Bledsoe,85,#6,Milwaukee Bucks,G,12/9/1989,6-1 / 1.85,195 lbs. / 88.5 kg.,15625000,USA,2010,1,18,Kentucky,NBA2k20,9,30.5,0.199
Eric Gordon,78,#10,Houston Rockets,G,12/25/1988,6-3 / 1.91,215 lbs. / 97.5 kg.,14057730,USA,2008,1,7,Indiana,NBA2k20,55,26,N/A
Eric Paschall,71,#7,Golden State Warriors,F,11/4/1996,6-6 / 1.98,255 lbs. / 115.7 kg.,898310,USA,2019,2,41,Villanova,NBA2k20,N/A,N/A,N/A
Ersan Ilyasova,76,#7,Milwaukee Bucks,F,5/15/1987,6-9 / 2.06,235 lbs. / 106.6 kg.,7000000,Turkey,2005,2,36,N/A,NBA2k20,N/A,N/A,N/A
E'Twaun Moore,74,#55,New Orleans Pelicans,G,2/25/1989,6-3 / 1.91,191 lbs. / 86.6 kg.,8664928,USA,2011,2,55,Purdue,NBA2k20,0,10,N/A
Evan Fournier,78,#10,Orlando Magic,G,10/29/1992,6-7 / 2.01,190 lbs. / 86.2 kg.,17150000,France,2012,1,20,N/A,NBA2k20,21,10,N/A
Evan Turner,73,#1,Minnesota Timberwolves,G-F,10/27/1988,6-6 / 1.98,205 lbs. / 93 kg.,18606556,USA,2010,1,2,Ohio State,NBA2k20,17,13,N/A
Frank Jackson,71,#15,New Orleans Pelicans,G,5/4/1998,6-3 / 1.91,205 lbs. / 93 kg.,1618520,USA,2017,2,31,Duke,NBA2k20,N/A,N/A,N/A
Frank Kaminsky,76,#8,Phoenix Suns,F-C,4/4/1993,7-0 / 2.13,231 lbs. / 104.8 kg.,4767000,USA,2015,1,9,Wisconsin,NBA2k20,112.5,29,N/A
Frank Mason,71,#15,Milwaukee Bucks,G,4/13/1994,5-11 / 1.80,190 lbs. / 86.2 kg.,79568,USA,2017,2,34,Kansas,NBA2k20,N/A,N/A,N/A
Frank Ntilikina,73,#11,New York Knicks,G,7/28/1998,6-4 / 1.93,190 lbs. / 86.2 kg.,4855800,France,2017,1,8,N/A,NBA2k20,N/A,N/A,N/A
Fred VanVleet,79,#23,Toronto Raptors,G,2/25/1994,6-1 / 1.85,197 lbs. / 89.4 kg.,9346153,USA,2006,Undrafted,Undrafted,Wichita State,NBA2k20,0,17.5,N/A
Furkan Korkmaz,73,#30,Philadelphia 76ers,F,6/27/1997,6-7 / 2.01,185 lbs. / 83.9 kg.,1620564,Turkey,2016,1,26,N/A,NBA2k20,N/A,N/A,N/A
Garrett Temple,73,#17,Brooklyn Nets,G-F,5/8/1986,6-5 / 1.96,195 lbs. / 88.5 kg.,4767000,USA,2009,Undrafted,Undrafted,LSU,NBA2k20,2,1,N/A
Gary Clark,69,#0,Orlando Magic,F,11/16/1994,6-6 / 1.98,225 lbs. / 102.1 kg.,1427191,USA,2018,Undrafted,Undrafted,Cincinnati,NBA2k20,N/A,N/A,N/A
Gary Harris,79,#14,Denver Nuggets,G,9/14/1994,6-4 / 1.93,205 lbs. / 93 kg.,17839286,USA,2014,1,19,Michigan State,NBA2k20,6,2.5,N/A
Gary Trent Jr,71,#2,Portland Trail Blazers,G,1/18/1999,6-5 / 1.96,209 lbs. / 94.8 kg.,1416852,USA,2018,2,37,Duke,NBA2k20,N/A,N/A,N/A
George Hill,75,#3,Milwaukee Bucks,G,5/4/1986,6-3 / 1.91,180 lbs. / 81.6 kg.,10133907,USA,2008,1,26,IUPUI,NBA2k20,33.5,3,0.244
Georges Niang,72,#31,Utah Jazz,F,6/17/1993,6-7 / 2.01,230 lbs. / 104.3 kg.,1645357,USA,2016,2,50,Iowa State,NBA2k20,N/A,N/A,N/A
Gerald Green,76,#0,Free agent,F-G,1/26/1986,6-6 / 1.98,192 lbs. / 87.1 kg.,2564753,USA,2005,1,18,N/A,NBA2k20,N/A,N/A,N/A
Giannis Antetokounmpo,96,#34,Milwaukee Bucks,F-G,12/6/1994,6-11 / 2.11,242 lbs. / 109.8 kg.,25842697,Greece,2013,1,15,N/A,NBA2k20,N/A,N/A,0.246
Giannis Antetokounmpo,97,#34,Milwaukee Bucks,F-G,12/6/1994,6-11 / 2.11,242 lbs. / 109.8 kg.,27528088,Greece,2013,1,15,N/A,NBA2k21,N/A,N/A,0.246
Giannis Antetokounmpo,96,#34,Milwaukee Bucks,F-G,12/6/1994,6-11 / 2.11,242 lbs. / 109.8 kg.,39344900,Greece,2013,1,15,N/A,NBA2k22,N/A,N/A,0.246
Glenn Robinson III,74,#22,Golden State Warriors,F,1/8/1994,6-6 / 1.98,211 lbs. / 95.7 kg.,1882867,USA,2014,2,40,Michigan,NBA2k20,N/A,N/A,N/A
Goga Bitadze,72,#88,Indiana Pacers,C,7/20/1999,6-11 / 2.11,250 lbs. / 113.4 kg.,2816760,Georgia,2019,1,18,N/A,NBA2k20,N/A,N/A,N/A
Goran Dragic,79,#7,Miami Heat,G,5/6/1986,6-3 / 1.91,190 lbs. / 86.2 kg.,19217900,Slovenia,2008,2,45,N/A,NBA2k20,62.5,45,0.226
Gordon Hayward,80,#20,Boston Celtics,F,3/23/1990,6-7 / 2.01,207 lbs. / 93.9 kg.,32700690,USA,2010,1,9,Butler,NBA2k20,319,50.5,0.252
Gorgui Dieng,76,#0,Memphis Grizzlies,C,1/18/1990,6-10 / 2.08,230 lbs. / 104.3 kg.,16229213,Senegal,2013,1,21,Louisville,NBA2k20,N/A,N/A,N/A
Grant Williams,72,#12,Boston Celtics,F,11/30/1998,6-6 / 1.98,236 lbs. / 107 kg.,2379840,USA,2019,1,22,Tennessee,NBA2k20,N/A,N/A,N/A
Grayson Allen,72,#3,Memphis Grizzlies,G,10/8/1995,6-4 / 1.93,205 lbs. / 93 kg.,2429400,USA,2018,1,21,Duke,NBA2k20,N/A,N/A,N/A
Hamidou Diallo,70,#6,Oklahoma City Thunder,G,7/31/1998,6-5 / 1.96,198 lbs. / 89.8 kg.,1416852,USA,2018,2,45,Kentucky,NBA2k20,N/A,N/A,N/A
Harrison Barnes,79,#40,Sacramento Kings,F,5/30/1992,6-8 / 2.03,210 lbs. / 95.3 kg.,24147727,USA,2012,1,7,North Carolina,NBA2k20,88.5,28.5,0.597
Harry Giles,74,#20,Sacramento Kings,F-C,4/22/1998,6-11 / 2.11,232 lbs. / 105.2 kg.,2578800,USA,2017,1,20,Duke,NBA2k20,N/A,N/A,N/A
Hassan Whiteside,81,#21,Portland Trail Blazers,C,6/13/1989,7-0 / 2.13,235 lbs. / 106.6 kg.,27093018,USA,2010,2,33,Marshall,NBA2k20,194,155,0.164
Henry Ellenson,69,#0,Free agent,F-C,1/13/1997,6-10 / 2.08,242 lbs. / 109.8 kg.,79568,USA,2016,1,18,Marquette,NBA2k20,6.5,5,N/A
Ian Mahinmi,73,#28,Washington Wizards,C,11/5/1986,6-11 / 2.11,230 lbs. / 104.3 kg.,15450051,France,2005,1,28,N/A,NBA2k20,10,5,N/A
Ignas Brazdeikis,70,#17,New York Knicks,F,1/8/1999,6-6 / 1.98,216 lbs. / 98 kg.,898310,Canada,2019,2,47,Michigan,NBA2k20,N/A,N/A,N/A
Isaac Bonga,68,#17,Washington Wizards,G,11/8/1999,6-8 / 2.03,200 lbs. / 90.7 kg.,1416852,Germany,2018,2,39,N/A,NBA2k20,N/A,N/A,N/A
Isaiah Hartenstein,68,#0,Free agent,F-C,5/5/1998,7-0 / 2.13,250 lbs. / 113.4 kg.,1416852,Germany,2017,2,43,N/A,NBA2k20,N/A,N/A,N/A
Isaiah Thomas,76,#0,Free agent,G,2/7/1989,5-9 / 1.75,185 lbs. / 83.9 kg.,2320044,USA,2011,2,60,Washington,NBA2k20,467.5,155.5,0.639
Ishmael Smith,73,#14,Washington Wizards,G,7/5/1988,6-0 / 1.83,175 lbs. / 79.4 kg.,6000000,USA,2010,Undrafted,Undrafted,Wake Forest,NBA2k20,N/A,N/A,N/A
Ivan Rabb,74,#0,Free agent,F-C,2/4/1997,6-10 / 2.08,220 lbs. / 99.8 kg.,451326,USA,2017,2,35,California,NBA2k20,N/A,N/A,N/A
Ivica Zubac,77,#40,Los Angeles Clippers,C,3/18/1997,7-0 / 2.13,265 lbs. / 120.2 kg.,6481482,Croatia,2016,2,32,N/A,NBA2k20,5,43,N/A
Ja Morant,79,#12,Memphis Grizzlies,G,8/10/1999,6-3 / 1.91,174 lbs. / 78.9 kg.,8730240,USA,2019,1,2,Murray State,NBA2k20,N/A,N/A,N/A
Jabari Parker,78,#0,Sacramento Kings,F,3/15/1995,6-8 / 2.03,235 lbs. / 106.6 kg.,6500000,USA,2014,1,2,Duke,NBA2k20,267,125,0.281
Jacob Evans,71,#0,Minnesota Timberwolves,G,6/18/1997,6-4 / 1.93,210 lbs. / 95.3 kg.,1925880,USA,2018,1,28,Cincinnati,NBA2k20,N/A,N/A,N/A
Jae Crowder,76,#99,Miami Heat,F,7/6/1990,6-6 / 1.98,235 lbs. / 106.6 kg.,7815533,USA,2012,2,34,Marquette,NBA2k20,55,47,N/A
Jahlil Okafor,76,#8,New Orleans Pelicans,C,12/15/1995,6-10 / 2.08,270 lbs. / 122.5 kg.,1702486,USA,2015,1,3,Duke,NBA2k20,N/A,N/A,N/A
JaKarr Sampson,71,#14,Indiana Pacers,F,3/20/1993,6-7 / 2.01,223 lbs. / 101.2 kg.,1737145,USA,2014,Undrafted,Undrafted,St. John's,NBA2k20,N/A,N/A,N/A
Jake Layman,75,#10,Minnesota Timberwolves,F,3/7/1994,6-8 / 2.03,209 lbs. / 94.8 kg.,3581986,USA,2016,2,47,Maryland,NBA2k20,N/A,N/A,N/A
Jakob Poeltl,77,#25,San Antonio Spurs,C-F,10/15/1995,7-1 / 2.16,239 lbs. / 108.4 kg.,3754885,Austria,2016,1,9,Utah,NBA2k20,N/A,N/A,N/A
Jalen Brunson,76,#13,Dallas Mavericks,G,8/31/1996,6-1 / 1.85,190 lbs. / 86.2 kg.,1416852,USA,2018,2,33,Villanova,NBA2k20,N/A,N/A,N/A
Jalen Lecque,68,#0,Phoenix Suns,G,6/13/2000,6-3 / 1.91,190 lbs. / 86.2 kg.,898310,USA,2019,Undrafted,Undrafted,N/A,NBA2k20,N/A,N/A,N/A
Jamal Murray,84,#27,Denver Nuggets,G,2/23/1997,6-4 / 1.93,201 lbs. / 91.2 kg.,4444746,Canada,2016,1,7,Kentucky,NBA2k20,0,62.5,N/A
James Ennis,73,#0,Orlando Magic,F,7/1/1990,6-6 / 1.98,201 lbs. / 91.2 kg.,1882867,USA,2013,2,50,Long Beach State,NBA2k20,N/A,N/A,N/A
James Harden,96,#13,Houston Rockets,G,8/26/1989,6-5 / 1.96,220 lbs. / 99.8 kg.,38199000,USA,2009,1,3,Arizona State,NBA2k20,969,321.5,4.47
James Harden,96,#13,Brooklyn Nets,G,8/26/1989,6-5 / 1.96,220 lbs. / 99.8 kg.,41254920,USA,2009,1,3,Arizona State,NBA2k21,969,321.5,4.47
James Harden,94,#13,Brooklyn Nets,G,8/26/1989,6-5 / 1.96,220 lbs. / 99.8 kg.,44310840,USA,2009,1,3,Arizona State,NBA2k22,969,321.5,4.47
James Johnson,75,#0,Minnesota Timberwolves,F,2/20/1987,6-7 / 2.01,245 lbs. / 111.1 kg.,15349400,USA,2009,1,16,Wake Forest,NBA2k20,13,7,0
JaMychal Green,78,#4,Los Angeles Clippers,F,6/21/1990,6-8 / 2.03,220 lbs. / 99.8 kg.,4767000,USA,2012,Undrafted,Undrafted,Alabama,NBA2k20,N/A,N/A,N/A
Jared Dudley,72,#10,Los Angeles Lakers,F,7/10/1985,6-6 / 1.98,225 lbs. / 102.1 kg.,2564753,USA,2007,1,22,Boston College,NBA2k20,31,4,N/A
Jaren Jackson,82,#13,Memphis Grizzlies,F-C,9/15/1999,6-11 / 2.11,242 lbs. / 110 kg.,6699960,USA,2018,1,4,Michigan State,NBA2k20,N/A,N/A,N/A
Jarred Vanderbilt,70,#0,Minnesota Timberwolves,F,4/3/1999,6-9 / 2.06,214 lbs. / 97.1 kg.,1416852,USA,2018,2,41,Kentucky,NBA2k20,N/A,N/A,N/A
Jarrett Allen,79,#31,Brooklyn Nets,C,4/20/1998,6-11 / 2.11,234 lbs. / 106.1 kg.,2376840,USA,2017,1,22,Texas,NBA2k20,N/A,N/A,N/A
Jarrett Culver,77,#23,Minnesota Timberwolves,G,2/20/1999,6-6 / 1.98,195 lbs. / 88.5 kg.,5813640,USA,2019,1,6,Texas Tech,NBA2k20,N/A,N/A,N/A
JaVale McGee,79,#7,Los Angeles Lakers,C,1/19/1988,7-0 / 2.13,270 lbs. / 122.5 kg.,4000000,USA,2008,1,18,Nevada,NBA2k20,0,32,0.193
Jaxson Hayes,74,#10,New Orleans Pelicans,F-C,5/23/2000,6-11 / 2.11,220 lbs. / 99.8 kg.,4862040,USA,2019,1,8,Texas,NBA2k20,N/A,N/A,N/A
Jaylen Brown,79,#7,Boston Celtics,F,10/24/1996,6-6 / 1.98,223 lbs. / 101.2 kg.,6534829,USA,2016,1,3,California,NBA2k20,0,100,N/A
Jayson Tatum,85,#0,Boston Celtics,F,3/3/1998,6-8 / 2.03,204 lbs. / 92.5 kg.,7830000,USA,2017,1,3,Duke,NBA2k20,N/A,N/A,N/A
Jeff Green,76,#34,Houston Rockets,F,8/28/1986,6-8 / 2.03,235 lbs. / 106.6 kg.,3405180,USA,2007,1,5,Georgetown,NBA2k20,57.5,28.5,N/A
Jeff Teague,78,#0,Atlanta Hawks,G,6/10/1988,6-3 / 1.91,181 lbs. / 82.1 kg.,19000000,USA,2009,1,19,Wake Forest,NBA2k20,17.5,13.5,0.083
Jemerrio Jones,70,#0,Free agent,F,4/9/1995,6-5 / 1.96,201 lbs. / 91.2 kg.,195077,USA,2018,Undrafted,Undrafted,New Mexico State,NBA2k20,N/A,N/A,N/A
Jerami Grant,77,#9,Denver Nuggets,F,3/12/1994,6-8 / 2.03,214 lbs. / 97.1 kg.,9346153,USA,2014,2,39,Syracuse,NBA2k20,9,3,N/A
Jeremy Lamb,79,#26,Indiana Pacers,G,5/30/1992,6-5 / 1.96,180 lbs. / 81.6 kg.,10500000,USA,2012,1,12,UConn,NBA2k20,N/A,N/A,0.055
Jerome Robinson,71,#1,Washington Wizards,G,2/22/1997,6-4 / 1.93,190 lbs. / 86.2 kg.,3567720,USA,2018,1,13,Boston College,NBA2k20,N/A,N/A,N/A
Jevon Carter,71,#4,Phoenix Suns,G,9/14/1995,6-1 / 1.85,200 lbs. / 90.7 kg.,1416852,USA,2018,2,32,West Virginia,NBA2k20,N/A,N/A,N/A
Jimmy Butler,88,#22,Miami Heat,G,9/14/1989,6-7 / 2.01,220 lbs. / 99.8 kg.,32742000,USA,2011,1,30,Marquette,NBA2k20,89.5,30,0.469
Jimmy Butler,89,#22,Miami Heat,G,9/14/1989,6-7 / 2.01,220 lbs. / 99.8 kg.,34379100,USA,2011,1,30,Marquette,NBA2k21,89.5,30,0.469
JJ Redick,80,#4,New Orleans Pelicans,G,6/24/1984,6-3 / 1.91,190 lbs. / 86.2 kg.,13486300,USA,2006,1,11,Duke,NBA2k20,N/A,N/A,N/A
Joakim Noah,74,#0,Los Angeles Clippers,C,2/25/1985,6-11 / 2.11,227 lbs. / 103 kg.,6813026,USA,2007,1,9,Florida,NBA2k20,0,87,N/A
Joe Harris,78,#12,Brooklyn Nets,G,9/6/1991,6-6 / 1.98,215 lbs. / 97.5 kg.,7666667,USA,2014,2,33,Virginia,NBA2k20,0,0,N/A
Joe Ingles,79,#2,Utah Jazz,F,10/2/1987,6-7 / 2.01,209 lbs. / 94.8 kg.,11454546,Australia,2009,Undrafted,Undrafted,N/A,NBA2k20,86.5,4,N/A
Joel Embiid,91,#21,Philadelphia 76ers,C,3/16/1994,7-0 / 2.13,250 lbs. / 113.4 kg.,27504630,Cameroon,2014,1,3,Kansas,NBA2k20,6852.5,2941,0.793
Joel Embiid,91,#21,Philadelphia 76ers,C,3/16/1994,7-0 / 2.13,250 lbs. / 113.4 kg.,29542010,Cameroon,2014,1,3,Kansas,NBA2k21,6852.5,2941,0.793
Joel Embiid,95,#21,Philadelphia 76ers,C,3/16/1994,7-0 / 2.13,250 lbs. / 113.4 kg.,31579390,Cameroon,2014,1,3,Kansas,NBA2k22,6852.5,2941,0.793
John Collins,84,#20,Atlanta Hawks,F,9/23/1997,6-9 / 2.06,225 lbs. / 102.1 kg.,2686560,USA,2017,1,19,Wake Forest,NBA2k20,N/A,N/A,N/A
John Henson,75,#31,Detroit Pistons,F,12/28/1990,6-9 / 2.06,220 lbs. / 99.8 kg.,9732396,USA,2012,1,14,North Carolina,NBA2k20,N/A,N/A,N/A
John Wall,86,#2,Washington Wizards,G,9/6/1990,6-4 / 1.93,195 lbs. / 88.5 kg.,38199000,USA,2010,1,1,Kentucky,NBA2k20,0,77,1.81
Johnathan Motley,70,#15,Los Angeles Clippers,F,5/4/1995,6-8 / 2.03,230 lbs. / 104.3 kg.,79568,USA,2017,Undrafted,Undrafted,Baylor,NBA2k20,N/A,N/A,N/A
Jonah Bolden,73,#0,Phoenix Suns,F,1/2/1996,6-8 / 2.03,215 lbs. / 97.5 kg.,1788296,Australia,2017,2,36,UCLA,NBA2k20,N/A,N/A,N/A
Jonas Valanciunas,81,#17,Memphis Grizzlies,C,5/6/1992,6-11 / 2.11,231 lbs. / 104.8 kg.,16000000,Lithuania,2011,1,5,N/A,NBA2k20,65,40,0.162
Jonathan Isaac,76,#1,Orlando Magic,F,10/3/1997,6-11 / 2.11,205 lbs. / 93 kg.,5806440,USA,2017,1,6,Florida State,NBA2k20,N/A,N/A,N/A
Jonathon Simmons,73,#0,Free agent,G-F,9/14/1989,6-6 / 1.98,195 lbs. / 88.5 kg.,1000000,USA,2012,Undrafted,Undrafted,Houston,NBA2k20,58,40,N/A
Jordan Bell,74,#0,Cleveland Cavaliers,F-C,1/7/1995,6-8 / 2.03,224 lbs. / 101.6 kg.,1870564,USA,2017,2,38,Oregon,NBA2k20,N/A,N/A,N/A
Jordan Clarkson,78,#8,Utah Jazz,G,6/7/1992,6-4 / 1.93,186 lbs. / 84.4 kg.,13437500,Philippines,2014,2,46,Missouri,NBA2k20,55.5,179.5,N/A
Jordan McRae,68,#0,Detroit Pistons,G,3/28/1991,6-5 / 1.96,179 lbs. / 81.2 kg.,1254933,USA,2014,2,58,Tennessee,NBA2k20,25.5,7.5,N/A
Jordan Poole,70,#3,Golden State Warriors,G,6/19/1999,6-4 / 1.93,194 lbs. / 88 kg.,1964760,USA,2019,1,28,Michigan,NBA2k20,N/A,N/A,N/A
Jose Juan Barea,76,#5,Dallas Mavericks,G,6/26/1984,5-10 / 1.78,175 lbs. / 79.4 kg.,2564753,Puerto Rico,2006,Undrafted,Undrafted,Northeastern,NBA2k20,N/A,N/A,N/A
Josh Hart,75,#3,New Orleans Pelicans,G,3/6/1995,6-5 / 1.96,204 lbs. / 92.5 kg.,1934160,USA,2017,1,30,Villanova,NBA2k20,N/A,N/A,N/A
Josh Jackson,76,#20,Memphis Grizzlies,F,2/10/1997,6-8 / 2.03,203 lbs. / 92.1 kg.,7059480,USA,2017,1,4,Kansas,NBA2k20,N/A,N/A,N/A
Josh Okogie,73,#20,Minnesota Timberwolves,G,9/1/1998,6-4 / 1.93,213 lbs. / 96.6 kg.,2530680,Nigeria,2018,1,20,Georgia Tech,NBA2k20,N/A,N/A,N/A
Josh Richardson,80,#0,Philadelphia 76ers,G,9/15/1993,6-5 / 1.96,200 lbs. / 90.7 kg.,10116576,USA,2015,2,40,Tennessee,NBA2k20,42,10,N/A
Jrue Holiday,86,#11,New Orleans Pelicans,G,6/12/1990,6-3 / 1.91,180 lbs. / 81.6 kg.,26131111,USA,2009,1,17,UCLA,NBA2k20,0,39,0.129
Juan Hernangomez,74,#41,Minnesota Timberwolves,F,9/28/1995,6-9 / 2.06,220 lbs. / 99.8 kg.,3321029,Spain,2016,1,15,N/A,NBA2k20,21,18,N/A
Julius Randle,83,#30,New York Knicks,F,11/29/1994,6-8 / 2.03,250 lbs. / 113.4 kg.,18000000,USA,2014,1,7,Kentucky,NBA2k20,102,59,0.358
Justin Holiday,72,#8,Indiana Pacers,G,4/5/1989,6-6 / 1.98,180 lbs. / 81.6 kg.,4767000,USA,2011,Undrafted,Undrafted,Washington,NBA2k20,N/A,N/A,N/A
Justin Jackson,74,#44,Dallas Mavericks,F-G,3/28/1995,6-7 / 2.01,201 lbs. / 91.2 kg.,3280920,USA,2017,1,15,North Carolina,NBA2k20,N/A,N/A,N/A
Justin James,70,#10,Sacramento Kings,G,1/24/1997,6-7 / 2.01,190 lbs. / 86.2 kg.,898310,USA,2019,2,40,Wyoming,NBA2k20,N/A,N/A,N/A
Justise Winslow,78,#0,Memphis Grizzlies,F,3/26/1996,6-6 / 1.98,222 lbs. / 100.7 kg.,13000000,USA,2015,1,10,Duke,NBA2k20,88.5,33.5,N/A
Jusuf Nurkic,83,#27,Portland Trail Blazers,C,8/23/1994,7-0 / 2.13,290 lbs. / 131.5 kg.,12000000,Bosnia and Herzegovina,2014,1,16,N/A,NBA2k20,45,43.5,0.031
Karl-Anthony Towns,89,#32,Minnesota Timberwolves,F-C,11/15/1995,6-11 / 2.11,248 lbs. / 112.5 kg.,27285000,USA,2015,1,1,Kentucky,NBA2k20,0,105,0.281
Karl-Anthony Towns,90,#32,Minnesota Timberwolves,F-C,11/15/1995,6-11 / 2.11,248 lbs. / 112.5 kg.,29467800,USA,2015,1,1,Kentucky,NBA2k21,0,105,0.281
Kawhi Leonard,97,#2,Los Angeles Clippers,F,6/29/1991,6-7 / 2.01,225 lbs. / 102.1 kg.,32742000,USA,2011,1,15,San Diego State,NBA2k20,2701.5,716.5,0.166
Kawhi Leonard,96,#2,Los Angeles Clippers,F,6/29/1991,6-7 / 2.01,225 lbs. / 102.1 kg.,34379100,USA,2011,1,15,San Diego State,NBA2k21,2701.5,716.5,0.166
Kawhi Leonard,95,#2,Los Angeles Clippers,F,6/29/1991,6-7 / 2.01,225 lbs. / 102.1 kg.,39344900,USA,2011,1,15,San Diego State,NBA2k22,2701.5,716.5,0.166
Keita Bates-Diop,70,#0,Denver Nuggets,F,1/23/1996,6-8 / 2.03,235 lbs. / 106.6 kg.,1416852,USA,2018,2,48,Ohio State,NBA2k20,N/A,N/A,N/A
Keldon Johnson,72,#3,San Antonio Spurs,F,10/11/1999,6-5 / 1.96,211 lbs. / 95.7 kg.,1950600,USA,2019,1,29,Kentucky,NBA2k20,N/A,N/A,N/A
Kelly Olynyk,78,#9,Miami Heat,C,4/19/1991,6-11 / 2.11,234 lbs. / 106.1 kg.,12667885,Canada,2013,1,13,Gonzaga,NBA2k20,56.5,16,N/A
Kelly Oubre,78,#3,Phoenix Suns,F-G,12/9/1995,6-7 / 2.01,203 lbs. / 92.1 kg.,15625000,USA,2015,1,15,Kansas,NBA2k20,64.5,114.5,N/A
Kemba Walker,88,#8,Boston Celtics,G,5/8/1990,6-0 / 1.83,172 lbs. / 78 kg.,32742000,USA,2011,1,9,UConn,NBA2k20,59.5,32.5,0.336
Kenrich Williams,72,#34,New Orleans Pelicans,G-F,12/2/1994,6-6 / 1.98,210 lbs. / 95.3 kg.,1416852,USA,2018,Undrafted,Undrafted,TCU,NBA2k20,N/A,N/A,N/A
Kent Bazemore,75,#26,Sacramento Kings,G,7/1/1989,6-4 / 1.93,195 lbs. / 88.5 kg.,19269663,USA,2012,Undrafted,Undrafted,Old Dominion,NBA2k20,N/A,N/A,N/A
Kentavious Caldwell-Pope,76,#1,Los Angeles Lakers,G,2/18/1993,6-5 / 1.96,204 lbs. / 92.5 kg.,8089282,USA,2013,1,8,Georgia,NBA2k20,9,10,N/A
Kevin Durant,96,#7,Brooklyn Nets,F,9/29/1988,6-10 / 2.08,230 lbs. / 104.3 kg.,37199000,USA,2007,1,2,Texas,NBA2k20,1425.5,366,16.2
Kevin Durant,95,#7,Brooklyn Nets,F,9/29/1988,6-10 / 2.08,230 lbs. / 104.3 kg.,42018900,USA,2007,1,2,Texas,NBA2k21,1425.5,366,16.2
Kevin Durant,96,#7,Brooklyn Nets,F,9/29/1988,6-10 / 2.08,230 lbs. / 104.3 kg.,40918900,USA,2007,1,2,Texas,NBA2k22,1425.5,366,16.2
Kevin Huerter,76,#3,Atlanta Hawks,G,8/27/1998,6-7 / 2.01,190 lbs. / 86.2 kg.,2636280,USA,2018,1,19,Maryland,NBA2k20,N/A,N/A,N/A
Kevin Knox,76,#20,New York Knicks,F,8/11/1999,6-7 / 2.01,215 lbs. / 97.5 kg.,4380120,USA,2018,1,9,Kentucky,NBA2k20,N/A,N/A,N/A
Kevin Love,83,#0,Cleveland Cavaliers,F,9/7/1988,6-8 / 2.03,260 lbs. / 117.9 kg.,28942830,USA,2008,1,5,UCLA,NBA2k20,866.5,194.5,2.55
Kevin Porter,72,#4,Cleveland Cavaliers,G-F,5/4/2000,6-4 / 1.93,218 lbs. / 98.9 kg.,1290960,USA,2019,1,30,USC,NBA2k20,N/A,N/A,N/A
Kevon Looney,77,#5,Golden State Warriors,F,2/6/1996,6-9 / 2.06,222 lbs. / 100.7 kg.,4464286,USA,2015,1,30,UCLA,NBA2k20,0,18.5,N/A
Khem Birch,74,#24,Orlando Magic,C,9/28/1992,6-9 / 2.06,209 lbs. / 94.8 kg.,3000000,Canada,2014,Undrafted,Undrafted,UNLV,NBA2k20,N/A,N/A,N/A
Khris Middleton,85,#22,Milwaukee Bucks,F,8/12/1991,6-7 / 2.01,217 lbs. / 98.4 kg.,30603448,USA,2012,2,39,Texas A&M,NBA2k20,16,9,N/A
Khyri Thomas,69,#13,Detroit Pistons,G,5/8/1996,6-3 / 1.91,210 lbs. / 95.3 kg.,1416852,USA,2018,2,38,Creighton,NBA2k20,N/A,N/A,N/A
Klay Thompson,89,#11,Golden State Warriors,G,2/8/1990,6-6 / 1.98,205 lbs. / 93 kg.,32742000,USA,2011,1,11,Washington State,NBA2k20,797,225,N/A
Klay Thompson,89,#11,Golden State Warriors,G,2/8/1990,6-6 / 1.98,205 lbs. / 93 kg.,35361360,USA,2011,1,11,Washington State,NBA2k21,797,225,N/A
Kostas Antetokounmpo,68,#37,Los Angeles Lakers,F,11/20/1997,6-10 / 2.08,200 lbs. / 90.7 kg.,79568,Greece,2018,Undrafted,Undrafted,Dayton,NBA2k20,N/A,N/A,N/A
Kris Dunn,75,#32,Chicago Bulls,G,3/18/1994,6-3 / 1.91,205 lbs. / 93 kg.,5348007,USA,2016,1,5,Providence,NBA2k20,165,47,N/A
Kristaps Porzingis,87,#6,Dallas Mavericks,F-C,8/2/1995,7-3 / 2.21,220 lbs. / 99.8 kg.,27285000,Latvia,2015,1,4,N/A,NBA2k20,485,214,N/A
Kristaps Porzingis,87,#6,Dallas Mavericks,F-C,8/2/1995,7-3 / 2.21,220 lbs. / 99.8 kg.,29467800,Latvia,2015,1,4,N/A,NBA2k21,485,214,N/A
Kyle Anderson,74,#1,Memphis Grizzlies,F,9/20/1993,6-9 / 2.06,230 lbs. / 104.3 kg.,9073050,USA,2014,1,30,UCLA,NBA2k20,22,11.5,N/A
Kyle Korver,75,#26,Milwaukee Bucks,F,3/17/1981,6-7 / 2.01,212 lbs. / 96.2 kg.,6004753,USA,2003,2,51,Creighton,NBA2k20,107.5,30.5,N/A
Kyle Kuzma,84,#0,Los Angeles Lakers,F,7/24/1995,6-8 / 2.03,221 lbs. / 100.2 kg.,1974600,USA,2017,1,27,Utah,NBA2k20,N/A,N/A,N/A
Kyle Lowry,85,#7,Toronto Raptors,G,3/25/1986,6-0 / 1.83,205 lbs. / 93 kg.,33296296,USA,2006,1,24,Villanova,NBA2k20,561,162,0.589
Kyle Lowry,87,#7,Toronto Raptors,G,3/25/1986,6-0 / 1.83,205 lbs. / 93 kg.,30500000,USA,2006,1,24,Villanova,NBA2k21,561,162,0.589
Kyle O'Quinn,74,#9,Philadelphia 76ers,F-C,3/26/1990,6-9 / 2.06,240 lbs. / 108.9 kg.,2174318,USA,2012,2,49,Norfolk State,NBA2k20,0,7,0.024
Kyrie Irving,91,#11,Brooklyn Nets,G,3/23/1992,6-2 / 1.88,180 lbs. / 81.6 kg.,31742000,Australia,2011,1,1,Duke,NBA2k20,1541,695,3.48
Kyrie Irving,90,#11,Brooklyn Nets,G,3/23/1992,6-2 / 1.88,180 lbs. / 81.6 kg.,33722850,Australia,2011,1,1,Duke,NBA2k21,1541,695,3.48
KZ Okpala,71,#4,Miami Heat,F,4/28/1999,6-8 / 2.03,215 lbs. / 97.5 kg.,898310,USA,2019,2,32,Stanford,NBA2k20,N/A,N/A,N/A
LaMarcus Aldridge,87,#12,San Antonio Spurs,F-C,7/19/1985,6-11 / 2.11,246 lbs. / 111.6 kg.,26000000,USA,2006,1,2,Texas,NBA2k20,195,63,0.669
Landry Shamet,76,#20,Los Angeles Clippers,G,3/13/1997,6-4 / 1.93,180 lbs. / 81.6 kg.,1995120,USA,2018,1,26,Wichita State,NBA2k20,N/A,N/A,N/A
Langston Galloway,72,#9,Detroit Pistons,G,12/9/1991,6-1 / 1.85,202 lbs. / 91.6 kg.,7333333,USA,2014,Undrafted,Undrafted,Saint Joseph's,NBA2k20,14.5,2,N/A
Larry Nance Jr,78,#22,Cleveland Cavaliers,F,1/1/1993,6-7 / 2.01,227 lbs. / 103 kg.,12727273,USA,2015,1,27,Wyoming,NBA2k20,N/A,N/A,N/A
Lauri Markkanen,83,#24,Chicago Bulls,F-C,5/22/1997,7-0 / 2.13,240 lbs. / 108.9 kg.,5300400,Finland,2017,1,7,Arizona,NBA2k20,N/A,N/A,N/A
LeBron James,97,#23,Los Angeles Lakers,F,12/30/1984,6-9 / 2.06,250 lbs. / 113.4 kg.,37436858,USA,2003,1,1,N/A,NBA2k20,5533.5,1501.5,37
LeBron James,97,#6,Los Angeles Lakers,F,12/30/1984,6-9 / 2.06,250 lbs. / 113.4 kg.,39219566,USA,2003,1,1,N/A,NBA2k21,5533.5,1501.5,37
LeBron James,96,#6,Los Angeles Lakers,F,12/30/1984,6-9 / 2.06,250 lbs. / 113.4 kg.,41180544,USA,2003,1,1,N/A,NBA2k22,5533.5,1501.5,37
Lonnie Walker,73,#1,San Antonio Spurs,G,12/14/1998,6-5 / 1.96,204 lbs. / 92.5 kg.,2764200,USA,2018,1,18,Miami (Florida),NBA2k20,N/A,N/A,N/A
Lonzo Ball,79,#2,New Orleans Pelicans,G,10/27/1997,6-6 / 1.98,190 lbs. / 86.2 kg.,8719320,USA,2017,1,2,UCLA,NBA2k20,N/A,N/A,N/A
Louis Williams,84,#23,Los Angeles Clippers,G,10/27/1986,6-1 / 1.85,175 lbs. / 79.4 kg.,8000000,USA,2005,2,45,N/A,NBA2k20,N/A,N/A,N/A
Luka Doncic,87,#77,Dallas Mavericks,G-F,2/28/1999,6-7 / 2.01,227 lbs. / 103 kg.,7683360,Slovenia,2018,1,3,N/A,NBA2k20,N/A,N/A,N/A
Luka Doncic,94,#77,Dallas Mavericks,G-F,2/28/1999,6-7 / 2.01,227 lbs. / 103 kg.,8049360,Slovenia,2018,1,3,N/A,NBA2k21,N/A,N/A,N/A
Luka Doncic,94,#77,Dallas Mavericks,G-F,2/28/1999,6-7 / 2.01,227 lbs. / 103 kg.,10174391,Slovenia,2018,1,3,N/A,NBA2k22,N/A,N/A,N/A
Luka Samanic,72,#19,San Antonio Spurs,F,1/9/2000,6-10 / 2.08,209 lbs. / 94.8 kg.,2689920,Croatia,2019,1,19,N/A,NBA2k20,N/A,N/A,N/A
Luke Kennard,75,#5,Detroit Pistons,G,6/24/1996,6-5 / 1.96,196 lbs. / 88.9 kg.,3827160,USA,2017,1,12,Duke,NBA2k20,N/A,N/A,N/A
Luke Kornet,71,#2,Chicago Bulls,C,7/15/1995,7-2 / 2.18,240 lbs. / 108.9 kg.,2250000,USA,2017,Undrafted,Undrafted,Vanderbilt,NBA2k20,N/A,N/A,N/A
Malcolm Brogdon,83,#7,Indiana Pacers,G,12/11/1992,6-5 / 1.96,223 lbs. / 101.2 kg.,20000000,USA,2016,2,36,Virginia,NBA2k20,N/A,N/A,N/A
Malcolm Miller,69,#13,Toronto Raptors,F,3/6/1993,6-7 / 2.01,205 lbs. / 93 kg.,1588231,USA,2015,Undrafted,Undrafted,Holy Cross,NBA2k20,N/A,N/A,N/A
Malik Beasley,77,#0,Minnesota Timberwolves,G,11/26/1996,6-4 / 1.93,198 lbs. / 89.8 kg.,2731713,USA,2016,1,19,Florida State,NBA2k20,0,14,N/A
Malik Monk,75,#1,Charlotte Hornets,G,2/4/1998,6-3 / 1.91,197 lbs. / 89.4 kg.,4028400,USA,2017,1,11,Kentucky,NBA2k20,N/A,N/A,N/A
Marc Gasol,82,#33,Toronto Raptors,C,1/29/1985,6-11 / 2.11,265 lbs. / 120.2 kg.,25595700,Spain,2007,2,48,N/A,NBA2k20,0,75.5,1.1
Marco Belinelli,75,#18,San Antonio Spurs,G,3/25/1986,6-5 / 1.96,200 lbs. / 90.7 kg.,5846154,Italy,2007,1,18,N/A,NBA2k20,0,15,N/A
Marcus Morris,78,#0,Los Angeles Clippers,F,9/2/1989,6-8 / 2.03,235 lbs. / 106.6 kg.,15000000,USA,2011,1,14,Kansas,NBA2k20,6,23,N/A
Marcus Smart,82,#36,Boston Celtics,G,3/6/1994,6-3 / 1.91,227 lbs. / 103 kg.,12553571,USA,2014,1,6,Oklahoma State,NBA2k20,1,9,N/A
Mario Hezonja,75,#44,Portland Trail Blazers,F-G,2/25/1995,6-8 / 2.03,201 lbs. / 91.2 kg.,1737145,Croatia,2015,1,5,N/A,NBA2k20,272,207,N/A
Markelle Fultz,74,#20,Orlando Magic,G,5/29/1998,6-3 / 1.91,195 lbs. / 88.5 kg.,9745200,USA,2017,1,1,Washington,NBA2k20,N/A,N/A,N/A
Markieff Morris,75,#88,Los Angeles Lakers,F,9/2/1989,6-8 / 2.03,245 lbs. / 111.1 kg.,3709887,USA,2011,1,13,Kansas,NBA2k20,9,18,N/A
Marvin Bagley,83,#35,Sacramento Kings,F,3/14/1999,6-11 / 2.11,235 lbs. / 106.6 kg.,8556120,USA,2018,1,2,Duke,NBA2k20,N/A,N/A,N/A
Marvin Williams,76,#2,Milwaukee Bucks,F,6/19/1986,6-8 / 2.03,240 lbs. / 108.9 kg.,14654179,USA,2005,1,2,North Carolina,NBA2k20,N/A,N/A,N/A
Mason Plumlee,77,#24,Denver Nuggets,C-F,3/5/1990,6-11 / 2.11,238 lbs. / 108 kg.,14041096,USA,2013,1,22,Duke,NBA2k20,N/A,N/A,N/A
Matisse Thybulle,72,#22,Philadelphia 76ers,G-F,3/4/1997,6-5 / 1.96,201 lbs. / 91.2 kg.,2582160,USA,2019,1,20,Washington,NBA2k20,N/A,N/A,N/A
Matt Thomas,72,#21,Toronto Raptors,G,8/4/1994,6-4 / 1.93,197 lbs. / 89.4 kg.,898310,USA,2017,Undrafted,Undrafted,Iowa State,NBA2k20,N/A,N/A,N/A
Matthew Dellavedova,73,#18,Cleveland Cavaliers,G,9/8/1990,6-3 / 1.91,190 lbs. / 86.2 kg.,9607500,Australia,2013,Undrafted,Undrafted,Saint Mary's,NBA2k20,175,30,N/A
Maxi Kleber,74,#42,Dallas Mavericks,F-C,1/29/1992,6-10 / 2.08,211 lbs. / 95.7 kg.,8000000,Germany,2014,Undrafted,Undrafted,N/A,NBA2k20,N/A,N/A,N/A
Melvin Frazier,70,#35,Orlando Magic,F,8/30/1996,6-5 / 1.96,201 lbs. / 91.2 kg.,1416852,USA,2018,2,35,Tulane,NBA2k20,N/A,N/A,N/A
Meyers Leonard,76,#0,Miami Heat,C,2/27/1992,7-0 / 2.13,245 lbs. / 111.1 kg.,11286515,USA,2012,1,11,Illinois,NBA2k20,149,31,N/A
Michael Beasley,76,#0,Free agent,F,1/9/1989,6-10 / 2.08,235 lbs. / 106.6 kg.,3500000,USA,2008,1,2,Kansas State,NBA2k20,8,5,0.064
Michael Carter-Williams,72,#7,Orlando Magic,G,10/10/1991,6-5 / 1.96,184 lbs. / 83.5 kg.,2028594,USA,2013,1,11,Syracuse,NBA2k20,0,5,N/A
Michael Frazier,68,#21,Houston Rockets,G,3/8/1994,6-3 / 1.91,200 lbs. / 90.7 kg.,79568,USA,2015,2,60,Florida,NBA2k20,N/A,N/A,N/A
Michael Kidd-Gilchrist,76,#0,Dallas Mavericks,F,9/26/1993,6-6 / 1.98,232 lbs. / 105.2 kg.,12784359,USA,2012,1,2,Kentucky,NBA2k20,29,11,N/A
Michael Porter,76,#1,Denver Nuggets,F,6/29/1998,6-10 / 2.08,215 lbs. / 97.5 kg.,3389400,USA,2018,1,14,Missouri,NBA2k20,N/A,N/A,N/A
Mikal Bridges,75,#25,Phoenix Suns,F-G,8/30/1996,6-6 / 1.98,209 lbs. / 94.8 kg.,4161000,USA,2018,1,10,Villanova,NBA2k20,N/A,N/A,N/A
Mike Conley,87,#10,Utah Jazz,G,10/11/1987,6-1 / 1.85,185 lbs. / 83.9 kg.,32511623,USA,2007,1,4,Ohio State,NBA2k20,257.5,90,0.342
Mike Muscala,73,#33,Oklahoma City Thunder,F-C,7/1/1991,6-10 / 2.08,230 lbs. / 104.3 kg.,2028594,USA,2013,2,44,Bucknell,NBA2k20,N/A,N/A,N/A
Mike Scott,75,#1,Philadelphia 76ers,F,7/16/1988,6-7 / 2.01,237 lbs. / 107.5 kg.,4767000,USA,2012,2,43,Virginia,NBA2k20,2,1,N/A
Miles Bridges,76,#0,Charlotte Hornets,F,3/21/1998,6-6 / 1.98,225 lbs. / 102.1 kg.,3755400,USA,2018,1,12,Michigan State,NBA2k20,N/A,N/A,N/A
Miles Plumlee,70,#0,Free agent,F-C,9/1/1988,6-11 / 2.11,255 lbs. / 115.7 kg.,12500000,USA,2012,1,26,Duke,NBA2k20,11,3,N/A
Mitchell Robinson,79,#23,New York Knicks,C,4/1/1998,7-0 / 2.13,223 lbs. / 101.2 kg.,1559712,USA,2018,2,36,N/A,NBA2k20,N/A,N/A,N/A
Miye Oni,69,#24,Utah Jazz,F,8/4/1997,6-5 / 1.96,210 lbs. / 95.3 kg.,898310,USA,2019,2,58,Yale,NBA2k20,N/A,N/A,N/A
Mo Bamba,77,#5,Orlando Magic,C,5/12/1998,7-0 / 2.13,225 lbs. / 102.1 kg.,5697600,USA,2018,1,6,Texas,NBA2k20,N/A,N/A,N/A
Moe Harkless,74,#0,New York Knicks,F,5/11/1993,6-7 / 2.01,208 lbs. / 94.3 kg.,11011234,USA,2012,1,15,St. John's,NBA2k20,N/A,N/A,N/A
Monte Morris,77,#11,Denver Nuggets,G,6/27/1995,6-2 / 1.88,175 lbs. / 79.4 kg.,1588231,USA,2017,2,51,Iowa State,NBA2k20,N/A,N/A,N/A
Montrezl Harrell,83,#5,Los Angeles Clippers,F,1/26/1994,6-7 / 2.01,253 lbs. / 114.8 kg.,6000000,USA,2015,2,32,Louisville,NBA2k20,11,4,N/A
Moritz Wagner,71,#21,Washington Wizards,F,4/26/1997,6-11 / 2.11,240 lbs. / 108.9 kg.,2063520,Germany,2018,1,25,Michigan,NBA2k20,N/A,N/A,N/A
Myles Turner,82,#33,Indiana Pacers,F-C,3/24/1996,6-11 / 2.11,239 lbs. / 108.4 kg.,18000000,USA,2015,1,11,Texas,NBA2k20,53,31,N/A
Nassir Little,73,#9,Portland Trail Blazers,F,2/11/2000,6-5 / 1.96,220 lbs. / 99.8 kg.,2105520,USA,2019,1,25,North Carolina,NBA2k20,N/A,N/A,N/A
Naz Reid,70,#11,Minnesota Timberwolves,C,8/26/1999,6-9 / 2.06,249 lbs. / 112.9 kg.,898310,USA,2019,Undrafted,Undrafted,LSU,NBA2k20,N/A,N/A,N/A
Nemanja Bjelica,77,#88,Sacramento Kings,F-G,5/9/1988,6-10 / 2.08,224 lbs. / 101.6 kg.,6825000,Serbia,2010,2,35,N/A,NBA2k20,N/A,N/A,N/A
Nerlens Noel,77,#9,Oklahoma City Thunder,F-C,4/10/1994,6-10 / 2.08,206 lbs. / 93.4 kg.,1882867,USA,2013,1,6,Kentucky,NBA2k20,105,64,0.245
Nickeil Alexander-Walker,72,#0,New Orleans Pelicans,G,9/2/1998,6-5 / 1.96,205 lbs. / 93 kg.,2964840,Canada,2019,1,17,Virginia Tech,NBA2k20,N/A,N/A,N/A
Nicolas Batum,77,#5,Charlotte Hornets,F-G,12/14/1988,6-9 / 2.06,210 lbs. / 95.3 kg.,25565217,France,2008,1,25,N/A,NBA2k20,114.5,66,0.912
Nicolas Claxton,72,#0,Brooklyn Nets,C,4/17/1990,6-11 / 2.11,215 lbs. / 97.5 kg.,898310,USA,2019,2,31,Georgia,NBA2k20,N/A,N/A,N/A
Nicolo Melli,73,#20,New Orleans Pelicans,F,1/26/1991,6-9 / 2.06,236 lbs. / 107 kg.,4102564,Italy,2013,Undrafted,Undrafted,N/A,NBA2k20,N/A,N/A,N/A
Nikola Jokic,90,#15,Denver Nuggets,C,2/19/1995,7-0 / 2.13,253 lbs. / 114.8 kg.,27504630,Serbia,2014,2,41,N/A,NBA2k20,0,1,0.009
Nikola Jokic,95,#15,Denver Nuggets,C,2/19/1995,7-0 / 2.13,253 lbs. / 114.8 kg.,31044906,Serbia,2014,2,41,N/A,NBA2k22,0,1,0.009
Nikola Jokic,90,#15,Denver Nuggets,C,2/19/1995,7-0 / 2.13,253 lbs. / 114.8 kg.,29542010,Serbia,2014,2,41,N/A,NBA2k21,0,1,0.009
Nikola Vucevic,86,#9,Orlando Magic,C,10/24/1990,6-11 / 2.11,240 lbs. / 108.9 kg.,28000000,Montenegro,2011,1,16,USC,NBA2k20,5.5,35.5,0.038
Noah Vonleh,75,#0,Denver Nuggets,F,8/24/1995,6-10 / 2.08,247 lbs. / 112 kg.,2000000,USA,2014,1,9,Indiana,NBA2k20,23.5,12,N/A
Norman Powell,74,#24,Toronto Raptors,G,5/25/1993,6-3 / 1.91,215 lbs. / 97.5 kg.,10116576,USA,2015,2,46,UCLA,NBA2k20,49,18,N/A
OG Anunoby,73,#3,Toronto Raptors,F-G,7/17/1997,6-7 / 2.01,232 lbs. / 105.2 kg.,2281800,United Kingdom,2017,1,23,Indiana,NBA2k20,N/A,N/A,N/A
Omari Spellman,73,#0,Minnesota Timberwolves,F,7/21/1997,6-8 / 2.03,245 lbs. / 111.1 kg.,1897800,USA,2018,1,30,Villanova,NBA2k20,N/A,N/A,N/A
Otto Porter,80,#22,Chicago Bulls,F,6/3/1993,6-8 / 2.03,198 lbs. / 89.8 kg.,27250576,USA,2013,1,2,Georgetown,NBA2k20,N/A,N/A,N/A
Pascal Siakam,87,#43,Toronto Raptors,F,4/2/1994,6-9 / 2.06,227 lbs. / 103 kg.,2351838,Cameroon,2016,1,27,New Mexico State,NBA2k20,N/A,N/A,N/A
Pascal Siakam,88,#43,Toronto Raptors,F,4/2/1994,6-9 / 2.06,227 lbs. / 103 kg.,30559200,Cameroon,2016,1,27,New Mexico State,NBA2k21,N/A,N/A,N/A
Pat Connaughton,74,#24,Milwaukee Bucks,G,1/6/1993,6-5 / 1.96,215 lbs. / 97.5 kg.,1723050,USA,2015,2,41,Notre Dame,NBA2k20,N/A,N/A,N/A
Patrick Beverley,79,#21,Los Angeles Clippers,G,7/12/1988,6-1 / 1.85,180 lbs. / 81.6 kg.,12345680,USA,2009,2,42,Arkansas,NBA2k20,214.5,51,N/A
Patrick McCaw,72,#22,Toronto Raptors,G,10/25/1995,6-7 / 2.01,181 lbs. / 82.1 kg.,4000000,USA,2016,2,38,UNLV,NBA2k20,N/A,N/A,N/A
Patrick Mills,75,#8,San Antonio Spurs,G,8/11/1988,6-1 / 1.85,185 lbs. / 83.9 kg.,12678571,Australia,2009,2,55,Saint Mary's,NBA2k20,N/A,N/A,N/A
Pau Gasol,75,#0,Free agent,C,7/6/1980,7-1 / 2.16,250 lbs. / 113.4 kg.,5538540,Spain,2001,1,3,N/A,NBA2k20,882.5,148.5,6.38
Paul George,93,#13,Los Angeles Clippers,F,5/2/1990,6-8 / 2.03,210 lbs. / 95.3 kg.,33005556,USA,2010,1,10,Fresno State,NBA2k20,228.5,128,1.7
Paul George,90,#13,Los Angeles Clippers,F,5/2/1990,6-8 / 2.03,210 lbs. / 95.3 kg.,35450412,USA,2010,1,10,Fresno State,NBA2k21,228.5,128,1.7
Paul Millsap,82,#4,Denver Nuggets,F-C,2/10/1985,6-7 / 2.01,250 lbs. / 113.4 kg.,30350000,USA,2017,2,47,Louisiana Tech,NBA2k20,60,32,0.065
PJ Tucker,79,#17,Houston Rockets,F,5/5/1985,6-5 / 1.96,225 lbs. / 102.1 kg.,8349039,USA,2006,2,35,Texas,NBA2k20,N/A,N/A,N/A
PJ Washington,72,#25,Charlotte Hornets,F,8/23/1998,6-7 / 2.01,225 lbs. / 102.1 kg.,3831840,USA,2019,1,12,Kentucky,NBA2k20,N/A,N/A,N/A
Quinn Cook,74,#2,Los Angeles Lakers,G,3/23/1993,6-1 / 1.85,180 lbs. / 81.6 kg.,3000000,USA,2015,Undrafted,Undrafted,Duke,NBA2k20,N/A,N/A,N/A
Rajon Rondo,76,#9,Los Angeles Lakers,G,2/22/1986,6-1 / 1.85,186 lbs. / 84.4 kg.,2564753,USA,2006,1,21,Kentucky,NBA2k20,185.5,74,N/A
Raul Neto,72,#19,Philadelphia 76ers,G,5/19/1992,6-1 / 1.85,170 lbs. / 77.1 kg.,1737145,Brazil,2013,2,47,N/A,NBA2k20,N/A,N/A,N/A
Reggie Bullock,74,#25,New York Knicks,G,3/16/1991,6-6 / 1.98,200 lbs. / 90.7 kg.,4000000,USA,2013,1,25,North Carolina,NBA2k20,20,13,N/A
Reggie Jackson,80,#0,Los Angeles Clippers,G,4/16/1990,6-3 / 1.91,208 lbs. / 94.3 kg.,17799677,USA,2011,1,24,Boston College,NBA2k20,37,9.5,N/A
Richaun Holmes,75,#22,Sacramento Kings,F,10/15/1993,6-10 / 2.08,243 lbs. / 110.2 kg.,4767000,USA,2015,2,37,Bowling Green,NBA2k20,25,4,0.01
Ricky Rubio,78,#11,Phoenix Suns,G,10/21/1990,6-3 / 1.91,180 lbs. / 81.6 kg.,16200000,Spain,2009,1,5,N/A,NBA2k20,262.5,76,2.23
RJ Barrett,78,#9,New York Knicks,G,6/14/2000,6-6 / 1.98,202 lbs. / 91.6 kg.,7839960,Canada,2019,1,3,Duke,NBA2k20,N/A,N/A,N/A
Robert Covington,80,#33,Houston Rockets,F,12/14/1990,6-7 / 2.01,209 lbs. / 94.8 kg.,11301219,USA,2013,Undrafted,Undrafted,Tennessee State,NBA2k20,38,15,N/A
Robert Williams,74,#44,Boston Celtics,F-C,10/17/1997,6-8 / 2.03,237 lbs. / 107.5 kg.,1937520,USA,2018,1,27,Texas A&M,NBA2k20,N/A,N/A,N/A
Robin Lopez,75,#42,Milwaukee Bucks,C,4/1/1988,7-0 / 2.13,255 lbs. / 115.7 kg.,4767000,USA,2008,1,15,Stanford,NBA2k20,N/A,N/A,N/A
Rodions Kurucs,75,#0,Brooklyn Nets,F,2/5/1998,6-9 / 2.06,215 lbs. / 97.5 kg.,1699236,Latvia,2018,2,40,N/A,NBA2k20,N/A,N/A,N/A
Rodney Hood,76,#5,Portland Trail Blazers,F,10/20/1992,6-8 / 2.03,208 lbs. / 94.3 kg.,5718000,USA,2014,1,23,Duke,NBA2k20,N/A,N/A,N/A
Rodney McGruder,72,#19,Los Angeles Clippers,G,7/29/1991,6-4 / 1.93,205 lbs. / 93 kg.,4807693,USA,2013,Undrafted,Undrafted,Kansas State,NBA2k20,N/A,N/A,N/A
Romeo Langford,72,#45,Boston Celtics,G,10/25/1999,6-4 / 1.93,216 lbs. / 98 kg.,3458400,USA,2019,1,14,Indiana,NBA2k20,N/A,N/A,N/A
Rondae Hollis-Jefferson,75,#4,Toronto Raptors,F,1/3/1995,6-6 / 1.98,211 lbs. / 95.7 kg.,2500000,USA,2015,1,23,Arizona,NBA2k20,N/A,N/A,N/A
Royce O'Neale,73,#23,Utah Jazz,F,6/5/1993,6-4 / 1.93,226 lbs. / 102.5 kg.,1618520,USA,2015,Undrafted,Undrafted,Baylor,NBA2k20,N/A,N/A,N/A
Rudy Gay,81,#22,San Antonio Spurs,F,8/17/1986,6-8 / 2.03,230 lbs. / 104.3 kg.,14500000,USA,2006,1,8,UConn,NBA2k20,N/A,N/A,0
Rudy Gobert,88,#27,Utah Jazz,C,6/26/1992,7-1 / 2.16,238 lbs. / 108 kg.,25258427,France,2013,1,27,N/A,NBA2k20,731,225.5,0.195
Rudy Gobert,87,#27,Utah Jazz,C,6/26/1992,7-1 / 2.16,238 lbs. / 108 kg.,27525281,France,2013,1,27,N/A,NBA2k21,731,225.5,0.195
Rui Hachimura,74,#8,Washington Wizards,F,2/8/1998,6-8 / 2.03,225 lbs. / 102.1 kg.,4469160,Japan,2019,1,9,Gonzaga,NBA2k20,N/A,N/A,N/A
Russell Westbrook,90,#0,Houston Rockets,G,11/12/1988,6-3 / 1.91,190 lbs. / 86.2 kg.,38506482,USA,2008,1,4,UCLA,NBA2k20,2130.5,559,4.5
Russell Westbrook,88,#0,Houston Rockets,G,11/12/1988,6-3 / 1.91,190 lbs. / 86.2 kg.,41358814,USA,2008,1,4,UCLA,NBA2k21,2130.5,559,4.5
Ryan Arcidiacono,72,#51,Chicago Bulls,G,3/26/1994,6-3 / 1.91,195 lbs. / 88.5 kg.,3000000,Italy,2016,Undrafted,Undrafted,Villanova,NBA2k20,N/A,N/A,N/A
Ryan Broekhoff,72,#0,Philadelphia 76ers,F,8/23/1990,6-6 / 1.98,215 lbs. / 97.5 kg.,2833704,Australia,2013,Undrafted,Undrafted,Valparaiso,NBA2k20,N/A,N/A,N/A
Sekou Doumbouya,73,#45,Detroit Pistons,F,12/23/2000,6-8 / 2.03,209 lbs. / 94.8 kg.,3285120,France,2019,1,15,N/A,NBA2k20,N/A,N/A,N/A
Semi Ojeleye,73,#37,Boston Celtics,F,12/5/1994,6-6 / 1.98,235 lbs. / 106.6 kg.,1618520,USA,2017,2,37,SMU,NBA2k20,N/A,N/A,N/A
Serge Ibaka,81,#9,Toronto Raptors,F,9/18/1989,7-0 / 2.13,240 lbs. / 108.9 kg.,23271604,Spain,2008,1,24,N/A,NBA2k20,N/A,N/A,N/A
Seth Curry,74,#30,Dallas Mavericks,G,8/23/1990,6-2 / 1.88,180 lbs. / 81.6 kg.,7461380,USA,2013,Undrafted,Undrafted,Duke,NBA2k20,30.5,35,N/A
Shabazz Napier,75,#0,Washington Wizards,G,7/14/1991,6-0 / 1.83,175 lbs. / 79.4 kg.,1845301,USA,2014,1,24,UConn,NBA2k20,159,72,N/A
Shai Gilgeous-Alexander,79,#2,Oklahoma City Thunder,G,7/12/1998,6-5 / 1.96,180 lbs. / 81.6 kg.,3952920,Canada,2018,1,11,Kentucky,NBA2k20,N/A,N/A,N/A
Shake Milton,71,#18,Philadelphia 76ers,C,9/26/1996,6-5 / 1.96,205 lbs. / 93 kg.,1445697,USA,2018,2,54,SMU,NBA2k20,N/A,N/A,N/A
Shaquille Harrison,73,#3,Chicago Bulls,G,10/6/1993,6-7 / 2.01,190 lbs. / 86.2 kg.,1620564,USA,2016,Undrafted,Undrafted,Tulsa,NBA2k20,N/A,N/A,N/A
Skal Labissiere,70,#0,Atlanta Hawks,C-F,3/18/1996,6-10 / 2.08,216 lbs. / 98 kg.,2338846,Haiti,2016,1,28,Kentucky,NBA2k20,N/A,N/A,N/A
Solomon Hill,70,#44,Miami Heat,F,3/18/1991,6-6 / 1.98,226 lbs. / 102.5 kg.,13290395,USA,2013,1,23,Arizona,NBA2k20,N/A,N/A,N/A
Spencer Dinwiddie,82,#8,Brooklyn Nets,G,4/6/1993,6-5 / 1.96,205 lbs. / 93 kg.,10605600,USA,2014,2,38,Colorado,NBA2k20,0,7,N/A
Stanley Johnson,73,#5,Toronto Raptors,F,5/29/1996,6-6 / 1.98,242 lbs. / 109.8 kg.,3623000,USA,2015,1,8,Arizona,NBA2k20,0,19,N/A
Stephen Curry,95,#30,Golden State Warriors,G,3/14/1988,6-3 / 1.91,185 lbs. / 83.9 kg.,40231758,USA,2009,1,7,Davidson,NBA2k20,12278,2893,9.56
Stephen Curry,95,#30,Golden State Warriors,G,3/14/1988,6-3 / 1.91,185 lbs. / 83.9 kg.,43006362,USA,2009,1,7,Davidson,NBA2k21,12278,2893,9.56
Stephen Curry,96,#30,Golden State Warriors,G,3/14/1988,6-3 / 1.91,185 lbs. / 83.9 kg.,45780966,USA,2009,1,7,Davidson,NBA2k22,12278,2893,9.56
Sterling Brown,73,#23,Milwaukee Bucks,G,2/10/1995,6-5 / 1.96,230 lbs. / 104.3 kg.,1618520,USA,2017,2,46,SMU,NBA2k20,N/A,N/A,N/A
Steven Adams,82,#12,Oklahoma City Thunder,C,7/20/1993,6-11 / 2.11,255 lbs. / 115.7 kg.,25842697,New Zealand,2013,1,12,Pittsburgh,NBA2k20,36,99,N/A
Sviatoslav Mykhailiuk,70,#19,Detroit Pistons,G,6/10/1997,6-7 / 2.01,205 lbs. / 93 kg.,1416852,Ukraine,2018,2,47,Kansas,NBA2k20,N/A,N/A,N/A
Taj Gibson,77,#67,New York Knicks,F,6/24/1985,6-9 / 2.06,225 lbs. / 102.1 kg.,9000000,USA,2009,1,26,USC,NBA2k20,52,17,N/A
Talen Horton-Tucker,70,#5,Los Angeles Lakers,G,11/20/2000,6-4 / 1.93,234 lbs. / 106.1 kg.,898310,USA,2019,2,46,Iowa State,NBA2k20,N/A,N/A,N/A
Taurean Prince,77,#2,Brooklyn Nets,F,3/22/1994,6-7 / 2.01,220 lbs. / 99.8 kg.,3481985,USA,2016,1,12,Baylor,NBA2k20,N/A,N/A,N/A
Terance Mann,69,#14,Los Angeles Clippers,G,10/18/1996,6-5 / 1.96,215 lbs. / 97.5 kg.,1000000,USA,2019,2,48,Florida State,NBA2k20,N/A,N/A,N/A
Terrance Ferguson,71,#23,Oklahoma City Thunder,G,5/17/1998,6-6 / 1.98,184 lbs. / 83.5 kg.,2475840,USA,2017,1,21,N/A,NBA2k20,N/A,N/A,N/A
Terrence Ross,79,#8,Orlando Magic,G,2/5/1991,6-6 / 1.98,206 lbs. / 93.4 kg.,12500000,USA,2012,1,8,Washington,NBA2k20,0,0,N/A
Terry Rozier,78,#3,Charlotte Hornets,G,3/17/1994,6-1 / 1.85,190 lbs. / 86.2 kg.,19894737,USA,2015,1,16,Louisville,NBA2k20,2,6,N/A
Thaddeus Young,79,#21,Chicago Bulls,F,6/21/1988,6-8 / 2.03,220 lbs. / 99.8 kg.,12900000,USA,2007,1,12,Georgia Tech,NBA2k20,0,1.5,N/A
Thanasis Antetokounmpo,70,#43,Milwaukee Bucks,F,7/18/1992,6-6 / 1.98,215 lbs. / 97.5 kg.,1445697,Greece,2014,2,51,N/A,NBA2k20,N/A,N/A,N/A
Theo Pinson,69,#0,New York Knicks,G,11/5/1995,6-5 / 1.96,220 lbs. / 99.8 kg.,1445697,USA,2018,Undrafted,Undrafted,North Carolina,NBA2k20,N/A,N/A,N/A
Thomas Bryant,78,#13,Washington Wizards,F-C,7/31/1997,6-10 / 2.08,241 lbs. / 109.3 kg.,8000000,USA,2017,2,42,Indiana,NBA2k20,N/A,N/A,N/A
Thon Maker,72,#7,Detroit Pistons,F-C,2/25/1997,7-0 / 2.13,216 lbs. / 98 kg.,3569643,Australia,2016,1,10,N/A,NBA2k20,0,39.5,N/A
Tim Frazier,72,#0,Free agent,G,11/1/1990,6-0 / 1.83,170 lbs. / 77.1 kg.,1620564,USA,2014,Undrafted,Undrafted,Penn State,NBA2k20,N/A,N/A,N/A
Tim Hardaway Jr,77,#11,Dallas Mavericks,G,3/16/1992,6-5 / 1.96,199 lbs. / 90.3 kg.,20025127,USA,2013,1,24,Michigan,NBA2k20,N/A,N/A,N/A
TJ Leaf,74,#22,Indiana Pacers,F-C,4/30/1997,6-10 / 2.08,222 lbs. / 100.7 kg.,2813280,Israel,2017,1,18,UCLA,NBA2k20,N/A,N/A,N/A
TJ McConnell,75,#9,Indiana Pacers,G,3/25/1992,6-1 / 1.85,200 lbs. / 90.7 kg.,3500000,USA,2015,Undrafted,Undrafted,Arizona,NBA2k20,N/A,N/A,N/A
TJ Warren,80,#1,Indiana Pacers,F,9/5/1993,6-8 / 2.03,220 lbs. / 99.8 kg.,11060000,USA,2014,1,14,NC State,NBA2k20,N/A,N/A,N/A
Tobias Harris,85,#12,Philadelphia 76ers,F,7/15/1992,6-8 / 2.03,226 lbs. / 102.5 kg.,32742000,USA,2011,1,19,Tennessee,NBA2k20,2,4,0.022
Tomas Satoransky,75,#31,Chicago Bulls,G,10/30/1991,6-7 / 2.01,198 lbs. / 89.8 kg.,10000000,Czech,2012,2,32,N/A,NBA2k20,7,8.5,N/A
Tony Bradley,70,#13,Utah Jazz,F-C,1/8/1998,6-10 / 2.08,248 lbs. / 112.5 kg.,1962360,USA,2017,1,28,North Carolina,NBA2k20,N/A,N/A,N/A
Tony Snell,73,#17,Detroit Pistons,F,11/10/1991,6-6 / 1.98,198 lbs. / 89.8 kg.,11392857,USA,2013,1,20,New Mexico,NBA2k20,N/A,N/A,N/A
Torrey Craig,74,#3,Denver Nuggets,G,12/19/1990,6-7 / 2.01,215 lbs. / 97.5 kg.,2000000,USA,2014,Undrafted,Undrafted,USC Upstate,NBA2k20,N/A,N/A,N/A
Trae Young,85,#11,Atlanta Hawks,G,9/19/1998,6-1 / 1.85,180 lbs. / 81.6 kg.,6273000,USA,2018,1,5,Oklahoma,NBA2k20,N/A,N/A,N/A
Trae Young,88,#11,Atlanta Hawks,G,9/19/1998,6-1 / 1.85,180 lbs. / 81.6 kg.,6571800,USA,2018,1,5,Oklahoma,NBA2k21,N/A,N/A,N/A
Treveon Graham,71,#12,Atlanta Hawks,G,10/28/1993,6-5 / 1.96,219 lbs. / 99.3 kg.,1645357,USA,2015,Undrafted,Undrafted,VCU,NBA2k20,N/A,N/A,N/A
Trevor Ariza,76,#0,Portland Trail Blazers,F-G,6/30/1985,6-8 / 2.03,210 lbs. / 95.3 kg.,12200000,USA,2004,2,43,UCLA,NBA2k20,10,15,N/A
Trey Lyles,75,#41,San Antonio Spurs,F,11/5/1995,6-9 / 2.06,241 lbs. / 109.3 kg.,5500000,Canada,2015,1,12,Kentucky,NBA2k20,48,12,N/A
Tristan Thompson,79,#13,Cleveland Cavaliers,F,3/13/1991,6-9 / 2.06,225 lbs. / 102.1 kg.,18539130,Canada,2011,1,4,Texas,NBA2k20,368,211,N/A
Troy Brown,73,#6,Washington Wizards,F-G,7/28/1999,6-6 / 1.98,215 lbs. / 97.5 kg.,3219480,USA,2018,1,15,Oregon,NBA2k20,N/A,N/A,N/A
Troy Daniels,72,#30,Denver Nuggets,G,7/15/1991,6-4 / 1.93,200 lbs. / 90.7 kg.,2487033,USA,2013,Undrafted,Undrafted,VCU,NBA2k20,30,10,N/A
Ty Jerome,72,#10,Phoenix Suns,G,7/8/1997,6-5 / 1.96,195 lbs. / 88.5 kg.,2193480,USA,2019,1,24,Virginia,NBA2k20,N/A,N/A,N/A
Tyler Herro,73,#14,Miami Heat,G,1/20/2000,6-5 / 1.96,195 lbs. / 88.5 kg.,3640200,USA,2019,1,13,Kentucky,NBA2k20,N/A,N/A,N/A
Tyler Johnson,74,#0,Brooklyn Nets,G,5/7/1992,6-3 / 1.91,186 lbs. / 84.4 kg.,19428485,USA,2014,Undrafted,Undrafted,Fresno State,NBA2k20,3,6,N/A
Tyler Lydon,70,#0,Free agent,F-C,4/9/1996,6-9 / 2.06,220 lbs. / 99.8 kg.,50000,USA,2017,1,24,Syracuse,NBA2k20,N/A,N/A,N/A
Tyrone Wallace,69,#0,Free agent,G-F,6/10/1994,6-5 / 1.96,200 lbs. / 90.7 kg.,502491,USA,2016,2,60,California,NBA2k20,N/A,N/A,N/A
Tyson Chandler,73,#19,Houston Rockets,C,10/2/1982,7-0 / 2.13,235 lbs. / 106.6 kg.,2564753,USA,2001,1,2,N/A,NBA2k20,29,9,0.84
Tyus Jones,73,#21,Memphis Grizzlies,G,5/10/1996,6-0 / 1.83,185 lbs. / 83.9 kg.,10116000,USA,2015,1,24,Duke,NBA2k20,0,14,N/A
Victor Oladipo,87,#4,Indiana Pacers,G,5/4/1992,6-4 / 1.93,213 lbs. / 96.6 kg.,21000000,USA,2013,1,2,Indiana,NBA2k20,78,28,N/A
Vincent Poirier,73,#77,Boston Celtics,C,10/17/1993,7-0 / 2.13,235 lbs. / 106.6 kg.,2505793,France,2015,Undrafted,Undrafted,N/A,NBA2k20,N/A,N/A,N/A
Wayne Ellington,75,#2,New York Knicks,G,11/29/1987,6-4 / 1.93,200 lbs. / 90.7 kg.,8000000,USA,2009,1,28,North Carolina,NBA2k20,18,12,N/A
Wendell Carter,78,#34,Chicago Bulls,C,4/16/1999,6-9 / 2.06,259 lbs. / 117.5 kg.,5201400,USA,2018,1,7,Duke,NBA2k20,N/A,N/A,N/A
Wesley Iwundu,72,#25,Orlando Magic,F,12/20/1994,6-6 / 1.98,205 lbs. / 93 kg.,1618520,USA,2017,2,33,Kansas State,NBA2k20,N/A,N/A,N/A
Wesley Matthews,76,#9,Milwaukee Bucks,G,10/14/1986,6-4 / 1.93,220 lbs. / 99.8 kg.,2564753,USA,2009,Undrafted,Undrafted,Marquette,NBA2k20,N/A,N/A,N/A
Will Barton,78,#5,Denver Nuggets,G,1/6/1991,6-5 / 1.96,175 lbs. / 79.4 kg.,12776786,USA,2012,2,40,Memphis,NBA2k20,1,3,N/A
Willie Cauley-Stein,79,#0,Dallas Mavericks,C,8/18/1993,7-0 / 2.13,242 lbs. / 109.8 kg.,2177483,USA,2015,1,6,Kentucky,NBA2k20,0,17,N/A
Willy Hernangomez,76,#9,Charlotte Hornets,C-F,5/27/1994,6-11 / 2.11,255 lbs. / 115.7 kg.,1676735,Spain,2015,2,35,N/A,NBA2k20,0,55.5,0.055
Wilson Chandler,75,#21,Brooklyn Nets,F-G,5/10/1987,6-8 / 2.03,225 lbs. / 102.1 kg.,2564753,USA,2007,1,23,DePaul,NBA2k20,31.5,18.5,N/A
Yante Maten,70,#0,Free agent,F-C,8/14/1996,6-8 / 2.03,240 lbs. / 108.9 kg.,100000,USA,2018,Undrafted,Undrafted,Georgia,NBA2k20,N/A,N/A,N/A
Yogi Ferrell,74,#3,Sacramento Kings,G,5/9/1993,6-0 / 1.83,178 lbs. / 80.7 kg.,3150000,USA,2016,Undrafted,Undrafted,Indiana,NBA2k20,37.5,9,N/A
Zach Collins,74,#33,Portland Trail Blazers,C,11/17/1997,6-11 / 2.11,232 lbs. / 105.2 kg.,4240200,USA,2017,1,10,Gonzaga,NBA2k20,N/A,N/A,N/A
Zach LaVine,85,#8,Chicago Bulls,G,3/10/1995,6-6 / 1.98,181 lbs. / 82.1 kg.,19500000,USA,2014,1,13,UCLA,NBA2k20,178.5,67,N/A
Zhaire Smith,72,#8,Philadelphia 76ers,G-F,6/4/1999,6-3 / 1.91,205 lbs. / 93 kg.,3058800,USA,2018,1,16,Texas Tech,NBA2k20,N/A,N/A,N/A
Zion Williamson,81,#1,New Orleans Pelicans,F,7/6/2000,6-6 / 1.98,284 lbs. / 128.8 kg.,9757440,USA,2019,1,1,Duke,NBA2k20,N/A,N/A,N/A
